id,Model name,Process,TDP,Release Year
1,AMD A10-4600M,32,35,2012
2,AMD A10-4655M,32,25,2012
3,AMD A10-5700,32,65,2012
4,AMD A10-5745M,32,25,2013
5,AMD A10-5750M,32,35,2013
6,AMD A10-5757M,32,35,2013
7,AMD A10-5800B,32,100,2012
8,AMD A10-5800K,32,100,2012
9,AMD A10-6700,32,65,2013
10,AMD A10-6700T,32,45,2013
11,AMD A10-6790K,32,100,2013
12,AMD A10-6800K,32,100,2013
13,AMD A10-7700K,28,95,2014
14,AMD A10-7850K,28,95,2014
15,AMD A10-7870K,28,95,2015
16,AMD A10-7890K,28,95,2016
17,AMD A10-9700,28,65,2017
18,AMD A10-9700E,28,35,2017
19,AMD A12-9800,28,65,2017
20,AMD A12-9800E,28,35,2017
21,AMD A4-1200,32,4,2013
22,AMD A4-1250,32,8,2013
23,AMD A4-1350,32,8,2013
24,AMD A4-3300,32,65,2011
25,AMD A4-3300M,32,35,2011
26,AMD A4-3305M,32,35,2011
27,AMD A4-3310MX,32,35,2011
28,AMD A4-3320M,32,35,2011
29,AMD A4-3330MX,32,45,2011
30,AMD A4-3400,32,65,2011
31,AMD A4-3420,32,65,2011
32,AMD A4-4000,32,65,2013
33,AMD A4-4300M,32,35,2012
34,AMD A4-4355M,32,17,2012
35,AMD A4-5000,32,15,2013
36,AMD A4-5050,32,15,2014
37,AMD A4-5145M,32,17,2013
38,AMD A4-5150M,32,35,2013
39,AMD A4-5300,32,65,2012
40,AMD A4-5300B,32,65,2012
41,AMD A4-6300,32,65,2013
42,AMD A6-1450,32,8,2013
43,AMD A6-3400M,32,35,2011
44,AMD A6-3410MX,32,45,2011
45,AMD A6-3420M,32,35,2011
46,AMD A6-3430MX,32,45,2011
47,AMD A6-3500,32,65,2011
48,AMD A6-3600,32,65,2011
49,AMD A6-3620,32,65,2011
50,AMD A6-3650,32,100,2011
51,AMD A6-3670K,32,100,2011
52,AMD A6-4400M,32,35,2012
53,AMD A6-4455M,32,17,2012
54,AMD A6-5200,32,25,2013
55,AMD A6-5345M,32,17,2013
56,AMD A6-5350M,32,35,2013
57,AMD A6-5357M,32,35,2013
58,AMD A6-5400B,32,65,2012
59,AMD A6-5400K,32,65,2012
60,AMD A6-6400K,32,65,2013
61,AMD A6-9120C SoC,28,6,2019
62,AMD A6-9220C SoC,28,6,2019
63,AMD A6-9500,28,65,2017
64,AMD A6-9500E,28,35,2017
65,AMD A6-9550,28,65,2017
66,AMD A8-3500M,32,35,2011
67,AMD A8-3510MX,32,45,2011
68,AMD A8-3520M,32,35,2011
69,AMD A8-3530MX,32,45,2011
70,AMD A8-3550MX,32,45,2011
71,AMD A8-3800,32,65,2011
72,AMD A8-3820,32,65,2011
73,AMD A8-3850,32,100,2011
74,AMD A8-3870K,32,100,2011
75,AMD A8-4500M,32,35,2012
76,AMD A8-4555M,32,19,2012
77,AMD A8-5500,32,65,2012
78,AMD A8-5500B,32,65,2012
79,AMD A8-5545M,32,25,2013
80,AMD A8-5550M,32,35,2013
81,AMD A8-5557M,32,35,2013
82,AMD A8-5600K,32,100,2012
83,AMD A8-6500,32,65,2013
84,AMD A8-6600K,32,100,2013
85,AMD A8-7680,28,45,2018
86,AMD A8-9600,28,65,2017
87,AMD A9-9400 SoC,28,10,2016
88,AMD A9-9410 SoC,28,25,2016
89,AMD A9-9420 SoC,28,15,2016
90,AMD A9-9425 SoC,28,15,2016
91,AMD Athlon 1000,180,54,2000
92,AMD Athlon 1000,180,54,2000
93,AMD Athlon 1100,180,60,2000
94,AMD Athlon 1133,180,63,2000
95,AMD Athlon 1200,180,66,2000
96,AMD Athlon 1200,180,66,2000
97,AMD Athlon 1300,180,68,2001
98,AMD Athlon 1333,180,70,2001
99,AMD Athlon 1400,180,72,2001
100,AMD Athlon 1400,180,72,2001
101,AMD Athlon 200GE,14,35,2018
102,AMD Athlon 220GE,14,35,2018
103,AMD Athlon 220GE,14,35,2018
104,AMD Athlon 220GE,14,35,2018
105,AMD Athlon 240GE,14,35,2018
106,AMD Athlon 3000G,14,35,2019
107,AMD Athlon 300U,14,15,2019
108,AMD Athlon 600,180,38,2000
109,AMD Athlon 64 1500+,90,9,2005
110,AMD Athlon 64 2000+,65,8,2008
111,AMD Athlon 64 2600+,65,15,2008
112,AMD Athlon 64 2650e,65,15,2009
113,AMD Athlon 64 2700+,130,32,2004
114,AMD Athlon 64 2800+,130,32,2004
115,AMD Athlon 64 2800+,130,89,2004
116,AMD Athlon 64 2800+,130,89,2004
117,AMD Athlon 64 2850e,65,22,2008
118,AMD Athlon 64 3000+,90,51,2001
119,AMD Athlon 64 3000+,90,51,2001
120,AMD Athlon 64 3000+,130,89,2003
121,AMD Athlon 64 3000+,130,89,2004
122,AMD Athlon 64 3000+,130,32,2004
123,AMD Athlon 64 3000+,90,67,2004
124,AMD Athlon 64 3000+,130,89,2004
125,AMD Athlon 64 3000+,130,62,2005
126,AMD Athlon 64 3000+,90,67,2005
127,AMD Athlon 64 3000+,90,62,2006
128,AMD Athlon 64 3100+,65,25,2008
129,AMD Athlon 64 3200+,90,59,2001
130,AMD Athlon 64 3200+,130,89,2001
131,AMD Athlon 64 3200+,130,89,2003
132,AMD Athlon 64 3200+,130,89,2004
133,AMD Athlon 64 3200+,90,67,2004
134,AMD Athlon 64 3200+,130,89,2004
135,AMD Athlon 64 3200+,130,83,2005
136,AMD Athlon 64 3200+,130,62,2005
137,AMD Athlon 64 3200+,90,67,2005
138,AMD Athlon 64 3200+,90,67,2005
139,AMD Athlon 64 3200+,90,62,2006
140,AMD Athlon 64 3200+,65,45,2007
141,AMD Athlon 64 3300+,130,89,2004
142,AMD Athlon 64 3400+,90,67,2001
143,AMD Athlon 64 3400+,90,67,2001
144,AMD Athlon 64 3400+,130,89,2001
145,AMD Athlon 64 3400+,130,89,2004
146,AMD Athlon 64 3400+,130,89,2004
147,AMD Athlon 64 3400+,130,89,2004
148,AMD Athlon 64 3400+,130,83,2005
149,AMD Athlon 64 3500+,90,67,2001
150,AMD Athlon 64 3500+,90,67,2004
151,AMD Athlon 64 3500+,130,89,2004
152,AMD Athlon 64 3500+,130,89,2004
153,AMD Athlon 64 3500+,90,67,2005
154,AMD Athlon 64 3500+,90,67,2005
155,AMD Athlon 64 3500+,90,62,2006
156,AMD Athlon 64 3500+,90,62,2007
157,AMD Athlon 64 3500+,65,45,2007
158,AMD Athlon 64 3500+ (F3),90,59,2007
159,AMD Athlon 64 3500+ EE,90,35,2007
160,AMD Athlon 64 3600+,130,89,2004
161,AMD Athlon 64 3700+,90,89,2001
162,AMD Athlon 64 3700+,130,89,2004
163,AMD Athlon 64 3700+,90,89,2004
164,AMD Athlon 64 3700+,130,83,2005
165,AMD Athlon 64 3800+,130,89,2004
166,AMD Athlon 64 3800+,130,89,2004
167,AMD Athlon 64 3800+,90,89,2005
168,AMD Athlon 64 3800+,90,62,2006
169,AMD Athlon 64 3800+,65,45,2007
170,AMD Athlon 64 3800+,90,62,2007
171,AMD Athlon 64 3800+ (F3),90,59,2007
172,AMD Athlon 64 4000+,90,89,2001
173,AMD Athlon 64 4000+,90,89,2004
174,AMD Athlon 64 4000+,130,89,2004
175,AMD Athlon 64 4000+,130,62,2005
176,AMD Athlon 64 4000+,90,62,2007
177,AMD Athlon 64 4000+ (F3),90,59,2007
178,AMD Athlon 64 FX-51,130,89,2003
179,AMD Athlon 64 FX-53,130,89,2004
180,AMD Athlon 64 FX-53,130,89,2004
181,AMD Athlon 64 FX-55,90,104,2004
182,AMD Athlon 64 FX-55,130,104,2004
183,AMD Athlon 64 FX-57,90,104,2005
184,AMD Athlon 64 FX-60,90,110,2006
185,AMD Athlon 64 FX-62,90,125,2006
186,AMD Athlon 64 FX-70,90,125,2006
187,AMD Athlon 64 FX-72,90,125,2006
188,AMD Athlon 64 FX-74,90,125,2006
189,AMD Athlon 64 FX-76,90,125,2006
190,AMD Athlon 64 LE-1600,90,45,2007
191,AMD Athlon 64 LE-1600,90,45,2007
192,AMD Athlon 64 LE-1620,90,45,2007
193,AMD Athlon 64 LE-1620,90,45,2007
194,AMD Athlon 64 LE-1640,90,45,2007
195,AMD Athlon 64 LE-1640,65,45,2008
196,AMD Athlon 64 LE-1640,90,45,2009
197,AMD Athlon 64 LE-1640B,65,45,2008
198,AMD Athlon 64 LE-1660,65,45,2008
199,AMD Athlon 64 X2 3600+,90,89,2001
200,AMD Athlon 64 X2 3600+,65,65,2006
201,AMD Athlon 64 X2 3600+ EE,90,65,2006
202,AMD Athlon 64 X2 3800+,90,89,2005
203,AMD Athlon 64 X2 3800+,90,89,2005
204,AMD Athlon 64 X2 3800+,90,89,2006
205,AMD Athlon 64 X2 3800+ EE,90,65,2006
206,AMD Athlon 64 X2 3800+ EE SFF,90,35,2006
207,AMD Athlon 64 X2 4000+,65,65,2006
208,AMD Athlon 64 X2 4000+,90,89,2006
209,AMD Athlon 64 X2 4000+ EE,90,65,2006
210,AMD Athlon 64 X2 4200+,65,65,2006
211,AMD Athlon 64 X2 4200+,90,89,2006
212,AMD Athlon 64 X2 4200+,90,89,2006
213,AMD Athlon 64 X2 4200+,90,89,2006
214,AMD Athlon 64 X2 4200+ EE,90,65,2006
215,AMD Athlon 64 X2 4400+,90,89,2006
216,AMD Athlon 64 X2 4400+,90,110,2006
217,AMD Athlon 64 X2 4400+,65,65,2006
218,AMD Athlon 64 X2 4400+ EE,90,65,2006
219,AMD Athlon 64 X2 4600+,90,89,2006
220,AMD Athlon 64 X2 4600+,90,89,2006
221,AMD Athlon 64 X2 4600+,90,110,2006
222,AMD Athlon 64 X2 4600+,65,65,2008
223,AMD Athlon 64 X2 4600+ EE,90,65,2006
224,AMD Athlon 64 X2 4800+,90,110,2006
225,AMD Athlon 64 X2 4800+,65,65,2006
226,AMD Athlon 64 X2 4800+,90,89,2006
227,AMD Athlon 64 X2 4800+ EE,90,65,2006
228,AMD Athlon 64 X2 5000+,90,89,2006
229,AMD Athlon 64 X2 5000+,65,65,2006
230,AMD Athlon 64 X2 5000+ BE,65,65,2007
231,AMD Athlon 64 X2 5000+ EE,90,65,2006
232,AMD Athlon 64 X2 5000+ EE,90,65,2007
233,AMD Athlon 64 X2 5200+,90,89,2006
234,AMD Athlon 64 X2 5200+,65,65,2007
235,AMD Athlon 64 X2 5200+ EE,90,65,2006
236,AMD Athlon 64 X2 5400+,90,89,2006
237,AMD Athlon 64 X2 5400+,65,65,2008
238,AMD Athlon 64 X2 5400+ BE,65,65,2008
239,AMD Athlon 64 X2 5600+,90,89,2006
240,AMD Athlon 64 X2 5600+,65,65,2008
241,AMD Athlon 64 X2 5800+,65,89,2008
242,AMD Athlon 64 X2 6000+,90,125,2007
243,AMD Athlon 64 X2 6000+,65,89,2007
244,AMD Athlon 64 X2 6400+ BE,90,125,2007
245,AMD Athlon 650,180,38,2000
246,AMD Athlon 700,180,40,2000
247,AMD Athlon 750,180,43,2000
248,AMD Athlon 800,180,45,2000
249,AMD Athlon 850,180,47,2000
250,AMD Athlon 900,180,50,2000
251,AMD Athlon 950,180,52,2000
252,AMD Athlon Gold 3150G,12,65,2020
253,AMD Athlon Gold 3150GE,12,35,2020
254,AMD Athlon Gold PRO 3150G,12,65,2020
255,AMD Athlon Gold PRO 3150GE,12,35,2020
256,AMD Athlon II X2 210e,45,45,2010
257,AMD Athlon II X2 215,45,65,2009
258,AMD Athlon II X2 220,45,65,2010
259,AMD Athlon II X2 235e,45,45,2009
260,AMD Athlon II X2 240,45,65,2009
261,AMD Athlon II X2 240e,45,45,2009
262,AMD Athlon II X2 245,45,65,2009
263,AMD Athlon II X2 245e,45,45,2010
264,AMD Athlon II X2 250,45,65,2009
265,AMD Athlon II X2 250e,45,45,2010
266,AMD Athlon II X2 250u,45,25,2009
267,AMD Athlon II X2 255,45,65,2010
268,AMD Athlon II X2 260,45,65,2010
269,AMD Athlon II X2 260u,45,25,2009
270,AMD Athlon II X2 265,45,65,2010
271,AMD Athlon II X2 270,45,65,2011
272,AMD Athlon II X2 270u,45,25,2010
273,AMD Athlon II X2 280,45,65,2013
274,AMD Athlon II X3 400e,45,45,2009
275,AMD Athlon II X3 405e,45,45,2009
276,AMD Athlon II X3 415e,45,45,2010
277,AMD Athlon II X3 420e,45,45,2010
278,AMD Athlon II X3 425,45,95,2009
279,AMD Athlon II X3 425e,45,45,2011
280,AMD Athlon II X3 435,45,95,2009
281,AMD Athlon II X3 440,45,95,2010
282,AMD Athlon II X3 445,45,95,2010
283,AMD Athlon II X3 450,45,95,2010
284,AMD Athlon II X3 455,45,95,2010
285,AMD Athlon II X3 460,45,95,2011
286,AMD Athlon II X4 600e,45,45,2009
287,AMD Athlon II X4 605e,45,45,2009
288,AMD Athlon II X4 610e,45,45,2010
289,AMD Athlon II X4 615e,45,45,2010
290,AMD Athlon II X4 620,45,95,2009
291,AMD Athlon II X4 620e,45,45,2011
292,AMD Athlon II X4 630,45,95,2009
293,AMD Athlon II X4 631,32,100,2011
294,AMD Athlon II X4 635,45,95,2010
295,AMD Athlon II X4 638,32,65,2012
296,AMD Athlon II X4 640,45,95,2010
297,AMD Athlon II X4 641,32,100,2012
298,AMD Athlon II X4 645,45,95,2010
299,AMD Athlon II X4 651,32,100,2011
300,AMD Athlon II X4 651K,32,100,2011
301,AMD Athlon PRO 200GE,14,35,2018
302,AMD Athlon PRO 300U,14,15,2019
303,AMD Athlon Silver 3050GE,12,35,2020
304,AMD Athlon Silver PRO 3125GE,12,35,2020
305,AMD Athlon X2 4050e,65,45,2008
306,AMD Athlon X2 4450e,65,45,2008
307,AMD Athlon X2 4850e,65,45,2008
308,AMD Athlon X2 5050e,65,45,2008
309,AMD Athlon X2 6500 BE,65,95,2008
310,AMD Athlon X2 7450,65,95,2008
311,AMD Athlon X2 7550,65,95,2008
312,AMD Athlon X2 7750 BE,65,95,2008
313,AMD Athlon X2 7850 BE,65,95,2009
314,AMD Athlon X2 BE-2300,65,45,2007
315,AMD Athlon X2 BE-2350,65,45,2007
316,AMD Athlon X2 BE-2400,65,45,2007
317,AMD Athlon X2 QL-60,65,35,2008
318,AMD Athlon X2 QL-62,65,25,2008
319,AMD Athlon X2 QL-64,65,35,2008
320,AMD Athlon X2 QL-65,65,35,2008
321,AMD Athlon X2 QL-67,65,35,2008
322,AMD Athlon X4 940,28,65,2017
323,AMD Athlon X4 950,28,65,2017
324,AMD Athlon X4 970,28,65,2017
325,AMD Athlon XP 1500+,180,60,2001
326,AMD Athlon XP 1600+,180,63,2001
327,AMD Athlon XP 1600+,130,49,2001
328,AMD Athlon XP 1700+,130,50,2001
329,AMD Athlon XP 1700+,130,50,2001
330,AMD Athlon XP 1700+,180,64,2001
331,AMD Athlon XP 1800+,180,66,2001
332,AMD Athlon XP 1800+,130,51,2001
333,AMD Athlon XP 1800+,130,51,2002
334,AMD Athlon XP 1900+,130,53,2001
335,AMD Athlon XP 1900+,180,68,2001
336,AMD Athlon XP 2000+,130,60,2002
337,AMD Athlon XP 2000+,130,60,2002
338,AMD Athlon XP 2000+,180,70,2002
339,AMD Athlon XP 2000+,130,60,2003
340,AMD Athlon XP 2000+,130,60,2003
341,AMD Athlon XP 2100+,130,62,2001
342,AMD Athlon XP 2100+,180,72,2002
343,AMD Athlon XP 2200+,130,63,2001
344,AMD Athlon XP 2200+,130,68,2002
345,AMD Athlon XP 2200+,130,63,2003
346,AMD Athlon XP 2200+,130,63,2003
347,AMD Athlon XP 2400+,130,65,2002
348,AMD Athlon XP 2400+,130,68,2002
349,AMD Athlon XP 2400+,130,68,2003
350,AMD Athlon XP 2400+,130,68,2003
351,AMD Athlon XP 2500+,130,68,2003
352,AMD Athlon XP 2500+ DTR,130,68,2003
353,AMD Athlon XP 2600+,130,68,2001
354,AMD Athlon XP 2600+,130,68,2002
355,AMD Athlon XP 2600+,130,68,2002
356,AMD Athlon XP 2600+,130,68,2003
357,AMD Athlon XP 2600+,130,68,2003
358,AMD Athlon XP 2600+ DTR,130,68,2001
359,AMD Athlon XP 2700+,130,68,2002
360,AMD Athlon XP 2800+,130,68,2001
361,AMD Athlon XP 2800+,130,74,2002
362,AMD Athlon XP 2800+ DTR,130,68,2001
363,AMD Athlon XP 3000+,130,68,2001
364,AMD Athlon XP 3000+,130,68,2001
365,AMD Athlon XP 3100+,130,68,2003
366,AMD Athlon XP 3200+,130,77,2001
367,AMD Athlon XP-M 2000+,130,45,2001
368,AMD Athlon XP-M 2200+,130,45,2001
369,AMD Athlon XP-M 2200+,130,45,2002
370,AMD Athlon XP-M 2400+,130,45,2001
371,AMD Athlon XP-M 2500+,130,45,2001
372,AMD Athlon XP-M 2600+,130,45,2001
373,AMD Athlon XP-M 3000+,130,45,2001
374,AMD C-30,40,9,2011
375,AMD C-50,40,9,2011
376,AMD C-60,40,9,2011
377,AMD C-70,40,9,2012
378,AMD E-240,40,18,2011
379,AMD E-300,40,18,2011
380,AMD E-350,40,18,2011
381,AMD E-450,40,18,2011
382,AMD E1-1200,40,18,2012
383,AMD E1-1500,40,18,2013
384,AMD E1-2100,32,9,2013
385,AMD E1-2150,32,9,2014
386,AMD E1-2500,32,15,2013
387,AMD E2-1800,40,18,2012
388,AMD E2-2000,40,18,2013
389,AMD E2-3000,32,15,2013
390,AMD E2-3000M,32,35,2011
391,AMD E2-3200,32,65,2011
392,AMD EPYC 7232P,7,120,2019
393,AMD EPYC 7251,14,120,2017
394,AMD EPYC 7252,7,120,2019
395,AMD EPYC 7261,14,170,2018
396,AMD EPYC 7262,7,155,2019
397,AMD EPYC 7272,7,120,2019
398,AMD EPYC 7281,14,170,2017
399,AMD EPYC 7282,7,120,2019
400,AMD EPYC 72F3,7,180,2021
401,AMD EPYC 7301,14,170,2017
402,AMD EPYC 7302,7,155,2019
403,AMD EPYC 7302P,7,155,2019
404,AMD EPYC 7313,7,155,2021
405,AMD EPYC 7313P,7,155,2021
406,AMD EPYC 7343,7,190,2021
407,AMD EPYC 7351,14,170,2017
408,AMD EPYC 7351P,14,170,2017
409,AMD EPYC 7352,7,155,2019
410,AMD EPYC 7371,14,170,2018
411,AMD EPYC 73F3,7,240,2021
412,AMD EPYC 7401,14,170,2017
413,AMD EPYC 7401P,14,170,2017
414,AMD EPYC 7402,7,180,2019
415,AMD EPYC 7402P,7,180,2019
416,AMD EPYC 7413,7,180,2021
417,AMD EPYC 7443,7,200,2021
418,AMD EPYC 7443P,7,200,2021
419,AMD EPYC 7451,14,180,2017
420,AMD EPYC 7452,7,155,2019
421,AMD EPYC 7453,7,225,2021
422,AMD EPYC 74F3,7,240,2021
423,AMD EPYC 7501,14,170,2017
424,AMD EPYC 7502,7,180,2019
425,AMD EPYC 7502P,7,180,2019
426,AMD EPYC 7513,7,200,2021
427,AMD EPYC 7542,7,225,2019
428,AMD EPYC 7543,7,225,2021
429,AMD EPYC 7543P,7,225,2021
430,AMD EPYC 7551,14,180,2017
431,AMD EPYC 7551P,14,180,2017
432,AMD EPYC 7552,7,200,2019
433,AMD EPYC 75F3,7,280,2021
434,AMD EPYC 7601,14,180,2017
435,AMD EPYC 7642,7,225,2019
436,AMD EPYC 7643,7,225,2021
437,AMD EPYC 7663,7,240,2021
438,AMD EPYC 7702,7,200,2019
439,AMD EPYC 7702P,7,200,2019
440,AMD EPYC 7713,7,225,2021
441,AMD EPYC 7713P,7,225,2021
442,AMD EPYC 7742,7,225,2019
443,AMD EPYC 7763,7,280,2021
444,AMD EPYC 7F32,7,180,2020
445,AMD EPYC 7F52,7,155,2020
446,AMD EPYC 7F72,7,240,2020
447,AMD EPYC 7H12,7,280,2019
448,AMD EPYC Embedded 3251,14,50,2018
449,AMD FX-4100,32,95,2011
450,AMD FX-4120,32,95,2012
451,AMD FX-4130,32,125,2013
452,AMD FX-4150,32,95,2012
453,AMD FX-4170,32,125,2012
454,AMD FX-4300,32,95,2012
455,AMD FX-4320,32,95,2012
456,AMD FX-4350,32,125,2013
457,AMD FX-6100,32,95,2011
458,AMD FX-6120,32,95,2012
459,AMD FX-6130,32,95,2012
460,AMD FX-6200,32,125,2012
461,AMD FX-6300,32,95,2012
462,AMD FX-6330,32,125,2015
463,AMD FX-6350,32,125,2013
464,AMD FX-8100,32,95,2011
465,AMD FX-8120,32,125,2011
466,AMD FX-8140,32,95,2012
467,AMD FX-8150,32,125,2011
468,AMD FX-8170,32,125,2012
469,AMD FX-8300,32,95,2012
470,AMD FX-8320,32,125,2012
471,AMD FX-8320E,32,95,2014
472,AMD FX-8350,32,125,2012
473,AMD FX-8370,32,125,2014
474,AMD FX-8370E,32,95,2014
475,AMD FX-9370,32,220,2013
476,AMD FX-9590,32,220,2013
477,AMD Mobile Athlon 64 2700+,130,82,2004
478,AMD Mobile Athlon 64 2700+,130,35,2005
479,AMD Mobile Athlon 64 2700+,130,35,2005
480,AMD Mobile Athlon 64 2800+,130,82,2003
481,AMD Mobile Athlon 64 2800+,130,82,2004
482,AMD Mobile Athlon 64 2800+,130,62,2004
483,AMD Mobile Athlon 64 2800+,130,35,2004
484,AMD Mobile Athlon 64 3000+,130,82,2003
485,AMD Mobile Athlon 64 3000+,130,35,2004
486,AMD Mobile Athlon 64 3000+,130,62,2004
487,AMD Mobile Athlon 64 3200+,130,82,2003
488,AMD Mobile Athlon 64 3200+,130,62,2004
489,AMD Mobile Athlon 64 3400+,130,62,2005
490,AMD Mobile Athlon 64 3400+,130,82,2005
491,AMD Mobile Athlon 64 3700+,130,82,2005
492,AMD Opteron 140,130,85,2003
493,AMD Opteron 140,130,82,2003
494,AMD Opteron 140,130,82,2004
495,AMD Opteron 140 EE,130,30,2004
496,AMD Opteron 142,130,82,2003
497,AMD Opteron 142,130,85,2003
498,AMD Opteron 142,130,82,2004
499,AMD Opteron 144,130,82,2003
500,AMD Opteron 144,130,85,2003
501,AMD Opteron 144,130,82,2004
502,AMD Opteron 144,90,67,2005
503,AMD Opteron 144,90,67,2005
504,AMD Opteron 146,130,89,2003
505,AMD Opteron 146,90,67,2005
506,AMD Opteron 146,90,67,2005
507,AMD Opteron 146,90,67,2005
508,AMD Opteron 146 HE,130,55,2004
509,AMD Opteron 148,130,89,2003
510,AMD Opteron 148,130,89,2004
511,AMD Opteron 148,90,85,2005
512,AMD Opteron 148,90,85,2005
513,AMD Opteron 148 HE,90,55,2004
514,AMD Opteron 150,130,89,2004
515,AMD Opteron 150,90,85,2005
516,AMD Opteron 150,90,85,2005
517,AMD Opteron 152,90,104,2005
518,AMD Opteron 152,90,104,2005
519,AMD Opteron 154,90,104,2005
520,AMD Opteron 156,90,104,2005
521,AMD Opteron 2350 HE,65,79,2008
522,AMD Opteron 240,130,82,2003
523,AMD Opteron 240,130,85,2003
524,AMD Opteron 240,130,82,2004
525,AMD Opteron 240 EE,130,30,2004
526,AMD Opteron 242,130,85,2003
527,AMD Opteron 242,130,82,2003
528,AMD Opteron 242,130,82,2004
529,AMD Opteron 242,90,85,2004
530,AMD Opteron 244,130,82,2003
531,AMD Opteron 244,130,85,2003
532,AMD Opteron 244,130,82,2004
533,AMD Opteron 244,90,85,2004
534,AMD Opteron 246,130,89,2003
535,AMD Opteron 246,90,85,2004
536,AMD Opteron 246,90,85,2004
537,AMD Opteron 246 HE,130,55,2004
538,AMD Opteron 246 HE,90,55,2005
539,AMD Opteron 248,130,89,2003
540,AMD Opteron 248,90,85,2004
541,AMD Opteron 248,130,89,2004
542,AMD Opteron 248,90,85,2004
543,AMD Opteron 248 HE,90,55,2005
544,AMD Opteron 250,130,89,2004
545,AMD Opteron 250,90,85,2004
546,AMD Opteron 250 HE,90,55,2005
547,AMD Opteron 252,90,92,2005
548,AMD Opteron 254,90,92,2005
549,AMD Opteron 3320 EE,32,25,2012
550,AMD Opteron 3350 HE,32,45,2012
551,AMD Opteron 3380,32,65,2012
552,AMD Opteron 4310 EE,32,35,2012
553,AMD Opteron 4332 HE,32,65,2012
554,AMD Opteron 4334,32,95,2012
555,AMD Opteron 4340,32,95,2012
556,AMD Opteron 4376 HE,32,65,2012
557,AMD Opteron 4386,32,95,2012
558,AMD Opteron 43CX EE,32,35,2012
559,AMD Opteron 43GK HE,32,65,2012
560,AMD Opteron 6168,45,115,2010
561,AMD Opteron 6262 HE,32,85,2011
562,AMD Opteron 6272,32,115,2011
563,AMD Opteron 6274,32,115,2011
564,AMD Opteron 6276,32,115,2011
565,AMD Opteron 6278,32,115,2012
566,AMD Opteron 6282 SE,32,140,2011
567,AMD Opteron 6284 SE,32,140,2012
568,AMD Opteron 6348,32,115,2012
569,AMD Opteron 6366 HE,32,85,2012
570,AMD Opteron 6376,32,115,2012
571,AMD Opteron 6378,32,115,2012
572,AMD Opteron 6380,32,115,2012
573,AMD Opteron 6386 SE,32,140,2012
574,AMD Opteron 840,130,82,2003
575,AMD Opteron 840,130,85,2003
576,AMD Opteron 840,130,82,2004
577,AMD Opteron 840 EE,130,30,2004
578,AMD Opteron 842,130,82,2003
579,AMD Opteron 842,130,85,2003
580,AMD Opteron 842,90,85,2004
581,AMD Opteron 842,130,82,2004
582,AMD Opteron 844,130,82,2003
583,AMD Opteron 844,130,85,2003
584,AMD Opteron 844,90,85,2004
585,AMD Opteron 844,130,82,2004
586,AMD Opteron 846,130,89,2003
587,AMD Opteron 846,90,85,2004
588,AMD Opteron 846,90,85,2004
589,AMD Opteron 846 HE,130,55,2004
590,AMD Opteron 846 HE,90,55,2005
591,AMD Opteron 848,130,89,2003
592,AMD Opteron 848,90,85,2004
593,AMD Opteron 848,130,89,2004
594,AMD Opteron 848 HE,90,55,2005
595,AMD Opteron 850,130,89,2004
596,AMD Opteron 850,90,85,2004
597,AMD Opteron 850 HE,90,55,2005
598,AMD Opteron 852,90,92,2005
599,AMD Opteron 854,90,92,2005
600,AMD Opteron 856,90,92,2006
601,AMD Opteron A1120,28,25,2016
602,AMD Opteron A1150,28,32,2016
603,AMD Opteron A1170,28,32,2016
604,AMD Opteron X1150,28,17,2013
605,AMD Opteron X2 165,90,110,2005
606,AMD Opteron X2 170,90,110,2005
607,AMD Opteron X2 175,90,110,2005
608,AMD Opteron X2 180,90,110,2005
609,AMD Opteron X2 185,90,110,2006
610,AMD Opteron X2 260 HE,90,55,2005
611,AMD Opteron X2 265,90,95,2005
612,AMD Opteron X2 265 HE,90,55,2005
613,AMD Opteron X2 270,90,95,2005
614,AMD Opteron X2 270 HE,90,55,2005
615,AMD Opteron X2 275,90,95,2005
616,AMD Opteron X2 275 HE,90,55,2006
617,AMD Opteron X2 280,90,95,2005
618,AMD Opteron X2 285,90,95,2006
619,AMD Opteron X2 290,90,95,2006
620,AMD Opteron X2 860 HE,90,55,2005
621,AMD Opteron X2 865,90,95,2005
622,AMD Opteron X2 865 HE,90,55,2005
623,AMD Opteron X2 870,90,95,2005
624,AMD Opteron X2 870 HE,90,55,2005
625,AMD Opteron X2 875,90,95,2005
626,AMD Opteron X2 875 HE,90,55,2006
627,AMD Opteron X2 880,90,95,2005
628,AMD Opteron X2 885,90,95,2006
629,AMD Opteron X2 890,90,95,2006
630,AMD Opteron X2150,28,22,2013
631,AMD Opteron X2170,28,25,2016
632,AMD Phenom II 42 TWKR Black Edition,45,125,2009
633,AMD Phenom II X2 545,45,80,2009
634,AMD Phenom II X2 550,45,80,2009
635,AMD Phenom II X2 550 BE,45,80,2009
636,AMD Phenom II X2 555 BE,45,80,2010
637,AMD Phenom II X2 560 BE,45,80,2010
638,AMD Phenom II X2 565 BE,45,80,2010
639,AMD Phenom II X2 570 BE,45,80,2010
640,AMD Phenom II X2 B53,45,80,2009
641,AMD Phenom II X2 B55,45,80,2009
642,AMD Phenom II X2 B57,45,80,2010
643,AMD Phenom II X3 700e,45,65,2009
644,AMD Phenom II X3 705e,45,65,2009
645,AMD Phenom II X3 710,45,95,2009
646,AMD Phenom II X3 715 BE,45,95,2010
647,AMD Phenom II X3 720,45,95,2010
648,AMD Phenom II X3 720 BE,45,95,2009
649,AMD Phenom II X3 740 BE,45,95,2009
650,AMD Phenom II X3 B73,45,95,2009
651,AMD Phenom II X3 B75,45,95,2009
652,AMD Phenom II X3 B77,45,95,2010
653,AMD Phenom II X4 650T,45,95,2011
654,AMD Phenom II X4 805,45,95,2009
655,AMD Phenom II X4 810,45,95,2009
656,AMD Phenom II X4 820,45,95,2009
657,AMD Phenom II X4 830,45,95,2009
658,AMD Phenom II X4 840,45,95,2011
659,AMD Phenom II X4 840T,45,95,2010
660,AMD Phenom II X4 850,45,95,2011
661,AMD Phenom II X4 900e,45,65,2009
662,AMD Phenom II X4 905e,45,65,2009
663,AMD Phenom II X4 910,45,95,2009
664,AMD Phenom II X4 910e,45,65,2010
665,AMD Phenom II X4 920,45,125,2009
666,AMD Phenom II X4 925,45,95,2009
667,AMD Phenom II X4 940 BE,45,125,2009
668,AMD Phenom II X4 945 (125W),45,125,2009
669,AMD Phenom II X4 945 (95W),45,95,2009
670,AMD Phenom II X4 955 (125W),45,125,2009
671,AMD Phenom II X4 955 (95W),45,95,2009
672,AMD Phenom II X4 955 BE,45,125,2009
673,AMD Phenom II X4 960T BE,45,95,2010
674,AMD Phenom II X4 965 BE (125W),45,125,2009
675,AMD Phenom II X4 965 BE (140W),45,140,2009
676,AMD Phenom II X4 970 BE,45,125,2010
677,AMD Phenom II X4 970 BE,45,125,2010
678,AMD Phenom II X4 975 BE,45,125,2011
679,AMD Phenom II X4 980 BE,45,125,2011
680,AMD Phenom II X4 B93,45,95,2009
681,AMD Phenom II X4 B95,45,95,2009
682,AMD Phenom II X4 B97,45,95,2010
683,AMD Phenom II X6 1035T,45,95,2010
684,AMD Phenom II X6 1045T,45,95,2010
685,AMD Phenom II X6 1055T (125W),45,125,2010
686,AMD Phenom II X6 1055T (95W),45,95,2010
687,AMD Phenom II X6 1065T,45,125,2010
688,AMD Phenom II X6 1075T,45,125,2010
689,AMD Phenom II X6 1090T BE,45,125,2010
690,AMD Phenom II X6 1100T BE,45,125,2010
691,AMD Phenom X3 8250e,65,65,2008
692,AMD Phenom X3 8400,65,95,2008
693,AMD Phenom X3 8450,65,95,2008
694,AMD Phenom X3 8450e,65,65,2008
695,AMD Phenom X3 8550,65,95,2008
696,AMD Phenom X3 8600,65,95,2008
697,AMD Phenom X3 8650,65,95,2008
698,AMD Phenom X3 8750,65,95,2008
699,AMD Phenom X3 8750 BE,65,95,2008
700,AMD Phenom X3 8850,65,95,2008
701,AMD Phenom X4 9100e,65,65,2008
702,AMD Phenom X4 9150e,65,65,2008
703,AMD Phenom X4 9350e,65,65,2008
704,AMD Phenom X4 9450e,65,65,2008
705,AMD Phenom X4 9500,65,95,2007
706,AMD Phenom X4 9550,65,95,2008
707,AMD Phenom X4 9600,65,95,2007
708,AMD Phenom X4 9600 BE,65,95,2007
709,AMD Phenom X4 9600B,65,95,2008
710,AMD Phenom X4 9650,65,95,2008
711,AMD Phenom X4 9750 (125W),65,125,2008
712,AMD Phenom X4 9750 (95W),65,95,2008
713,AMD Phenom X4 9750B,65,95,2008
714,AMD Phenom X4 9850 (125W),65,125,2008
715,AMD Phenom X4 9850 (95W),65,95,2008
716,AMD Phenom X4 9850 BE,65,125,2008
717,AMD Phenom X4 9850B,65,95,2008
718,AMD Phenom X4 9950 BE (125W),65,125,2008
719,AMD Phenom X4 9950 BE (140W),65,140,2008
720,AMD Ryzen 3 1200,14,65,2017
721,AMD Ryzen 3 1300,14,65,2017
722,AMD Ryzen 3 1300X,14,65,2017
723,AMD Ryzen 3 2200G,14,65,2018
724,AMD Ryzen 3 2200U,14,15,2018
725,AMD Ryzen 3 2300U,14,15,2018
726,AMD Ryzen 3 2300X,14,65,2018
727,AMD Ryzen 3 3100,7,65,2020
728,AMD Ryzen 3 3200G,12,65,2019
729,AMD Ryzen 3 3200U,12,15,2019
730,AMD Ryzen 3 3250U,12,15,2020
731,AMD Ryzen 3 3300U,12,15,2019
732,AMD Ryzen 3 3300X,7,65,2020
733,AMD Ryzen 3 4300G,7,65,2020
734,AMD Ryzen 3 4300GE,7,35,2020
735,AMD Ryzen 3 4300U,7,25,2020
736,AMD Ryzen 3 5300G,7,65,2021
737,AMD Ryzen 3 PRO 1200,14,65,2017
738,AMD Ryzen 3 PRO 1300,14,65,2017
739,AMD Ryzen 3 PRO 2300U,14,15,2019
740,AMD Ryzen 3 PRO 3300U,12,15,2019
741,AMD Ryzen 3 PRO 4350G,7,65,2020
742,AMD Ryzen 3 PRO 4350GE,7,35,2020
743,AMD Ryzen 3 PRO 4450U,7,15,2020
744,AMD Ryzen 5 1400,14,65,2017
745,AMD Ryzen 5 1500X,14,65,2017
746,AMD Ryzen 5 1600,14,65,2017
747,AMD Ryzen 5 1600X,14,95,2017
748,AMD Ryzen 5 2400G,14,65,2018
749,AMD Ryzen 5 2500U,14,15,2017
750,AMD Ryzen 5 2500X,12,65,2018
751,AMD Ryzen 5 2600,12,65,2018
752,AMD Ryzen 5 2600E,12,65,2018
753,AMD Ryzen 5 2600H,14,15,2018
754,AMD Ryzen 5 2600X,12,95,2018
755,AMD Ryzen 5 3400G,12,65,2019
756,AMD Ryzen 5 3500U,12,15,2019
757,AMD Ryzen 5 3500X,7,65,2019
758,AMD Ryzen 5 3550H,12,35,2019
759,AMD Ryzen 5 3580U,12,15,2019
760,AMD Ryzen 5 3600,7,65,2019
761,AMD Ryzen 5 3600X,7,95,2019
762,AMD Ryzen 5 3600XT,7,95,2019
763,AMD Ryzen 5 4500U,7,25,2020
764,AMD Ryzen 5 4600G,7,65,2020
765,AMD Ryzen 5 4600GE,7,35,2020
766,AMD Ryzen 5 4600H,7,54,2020
767,AMD Ryzen 5 4600HS,7,35,2020
768,AMD Ryzen 5 4600U,7,25,2020
769,AMD Ryzen 5 5500U,7,25,2021
770,AMD Ryzen 5 5600G,7,65,2021
771,AMD Ryzen 5 5600X,7,65,2020
772,AMD Ryzen 5 PRO 1500,14,65,2017
773,AMD Ryzen 5 PRO 1600,14,65,2017
774,AMD Ryzen 5 PRO 2400G,14,65,2018
775,AMD Ryzen 5 PRO 2500U,14,15,2019
776,AMD Ryzen 5 PRO 2600,12,65,2018
777,AMD Ryzen 5 PRO 3500U,12,15,2019
778,AMD Ryzen 5 PRO 4650G,7,65,2020
779,AMD Ryzen 5 PRO 4650GE,7,35,2020
780,AMD Ryzen 5 PRO 4650U,7,15,2020
781,AMD Ryzen 7 1700,14,65,2017
782,AMD Ryzen 7 1700X,14,95,2017
783,AMD Ryzen 7 1800X,14,95,2017
784,AMD Ryzen 7 2700,12,65,2018
785,AMD Ryzen 7 2700E,12,65,2018
786,AMD Ryzen 7 2700U,14,15,2017
787,AMD Ryzen 7 2700X,12,105,2018
788,AMD Ryzen 7 2700X 50th Anniversary,12,105,2019
789,AMD Ryzen 7 2800H,14,15,2018
790,AMD Ryzen 7 3700U,12,15,2019
791,AMD Ryzen 7 3700X,7,65,2019
792,AMD Ryzen 7 3750H,12,35,2019
793,AMD Ryzen 7 3780U,12,15,2019
794,AMD Ryzen 7 3800X,7,105,2019
795,AMD Ryzen 7 3800XT,7,105,2020
796,AMD Ryzen 7 4700G,7,65,2020
797,AMD Ryzen 7 4700GE,7,35,2020
798,AMD Ryzen 7 4700U,7,25,2020
799,AMD Ryzen 7 4750U,7,15,2020
800,AMD Ryzen 7 4800H,7,54,2020
801,AMD Ryzen 7 4800HS,7,35,2020
802,AMD Ryzen 7 4800U,7,25,2020
803,AMD Ryzen 7 5700G,7,65,2021
804,AMD Ryzen 7 5800H,7,54,2021
805,AMD Ryzen 7 5800HS,7,35,2021
806,AMD Ryzen 7 5800X,7,105,2020
807,AMD Ryzen 7 PRO 1700,14,65,2017
808,AMD Ryzen 7 PRO 1700X,14,95,2017
809,AMD Ryzen 7 PRO 2700,12,65,2018
810,AMD Ryzen 7 PRO 2700U,14,15,2017
811,AMD Ryzen 7 PRO 2700X,12,95,2018
812,AMD Ryzen 7 PRO 3700U,12,15,2019
813,AMD Ryzen 7 PRO 4750G,7,65,2020
814,AMD Ryzen 7 PRO 4750GE,7,35,2020
815,AMD Ryzen 9 3900X,7,105,2019
816,AMD Ryzen 9 3900XT,7,105,2020
817,AMD Ryzen 9 3950X,7,105,2019
818,AMD Ryzen 9 4900H,7,54,2020
819,AMD Ryzen 9 4900HS,7,35,2020
820,AMD Ryzen 9 5900HX,7,45,2021
821,AMD Ryzen 9 5900X,7,105,2020
822,AMD Ryzen 9 5950X,7,105,2020
823,AMD Ryzen 9 5980HS,7,35,2021
824,AMD Ryzen Embedded V1202B,14,15,2018
825,AMD Ryzen Embedded V1605B,14,15,2018
826,AMD Ryzen Embedded V1756B,14,45,2018
827,AMD Ryzen Embedded V1807B,14,45,2018
828,AMD Ryzen Threadripper 1900,14,125,2017
829,AMD Ryzen Threadripper 1900X,14,125,2017
830,AMD Ryzen Threadripper 1920,14,140,2017
831,AMD Ryzen Threadripper 1920X,14,180,2017
832,AMD Ryzen Threadripper 1940,14,180,2017
833,AMD Ryzen Threadripper 1940X,14,180,2017
834,AMD Ryzen Threadripper 1950,14,180,2017
835,AMD Ryzen Threadripper 1950X,14,180,2017
836,AMD Ryzen Threadripper 2920X,12,180,2018
837,AMD Ryzen Threadripper 2950X,12,180,2018
838,AMD Ryzen Threadripper 2970WX,12,250,2018
839,AMD Ryzen Threadripper 2990WX,12,250,2018
840,AMD Ryzen Threadripper 3960X,7,280,2019
841,AMD Ryzen Threadripper 3970X,7,280,2019
842,AMD Ryzen Threadripper 3980X,7,280,2019
843,AMD Ryzen Threadripper 3990X,7,280,2020
844,AMD Ryzen Threadripper PRO 3945WX,7,280,2020
845,AMD Ryzen Threadripper PRO 3955WX,7,280,2020
846,AMD Ryzen Threadripper PRO 3975WX,7,280,2020
847,AMD Ryzen Threadripper PRO 3995WX,7,280,2020
848,AMD Sempron 130,45,45,2011
849,AMD Sempron 140,45,45,2009
850,AMD Sempron 145,45,45,2010
851,AMD Sempron 150,45,45,2010
852,AMD Sempron 180,45,45,2010
853,AMD Sempron 2200+,130,62,2001
854,AMD Sempron 2200+,130,62,2004
855,AMD Sempron 2200+,130,62,2004
856,AMD Sempron 2300+,130,62,2001
857,AMD Sempron 2300+,130,62,2004
858,AMD Sempron 2400+,130,62,2001
859,AMD Sempron 2400+,130,62,2004
860,AMD Sempron 2400+,130,62,2004
861,AMD Sempron 2500+,130,62,2001
862,AMD Sempron 2500+,130,62,2004
863,AMD Sempron 2500+,90,62,2005
864,AMD Sempron 2600+,130,62,2001
865,AMD Sempron 2600+,130,25,2001
866,AMD Sempron 2600+,90,25,2004
867,AMD Sempron 2600+,90,62,2004
868,AMD Sempron 2600+,90,62,2004
869,AMD Sempron 2600+,130,62,2004
870,AMD Sempron 2800+,130,62,2001
871,AMD Sempron 2800+,130,25,2001
872,AMD Sempron 2800+,90,25,2004
873,AMD Sempron 2800+,90,62,2004
874,AMD Sempron 2800+,90,62,2004
875,AMD Sempron 2800+,130,62,2004
876,AMD Sempron 2800+,130,62,2004
877,AMD Sempron 2800+,90,25,2005
878,AMD Sempron 2800+,90,62,2006
879,AMD Sempron 3000+,130,25,2001
880,AMD Sempron 3000+,90,62,2004
881,AMD Sempron 3000+,90,25,2004
882,AMD Sempron 3000+,130,62,2004
883,AMD Sempron 3000+,90,62,2005
884,AMD Sempron 3000+,90,25,2005
885,AMD Sempron 3000+,90,62,2005
886,AMD Sempron 3000+,130,62,2005
887,AMD Sempron 3000+,90,62,2005
888,AMD Sempron 3000+,90,62,2006
889,AMD Sempron 3000+ EE SFF,90,35,2006
890,AMD Sempron 3100+,130,25,2001
891,AMD Sempron 3100+,130,62,2004
892,AMD Sempron 3100+,90,62,2005
893,AMD Sempron 3100+,90,62,2005
894,AMD Sempron 3100+,90,25,2005
895,AMD Sempron 3100+,90,62,2005
896,AMD Sempron 3100+,90,25,2005
897,AMD Sempron 3200+,90,62,2005
898,AMD Sempron 3200+,90,62,2006
899,AMD Sempron 3200+ EE SFF,90,35,2006
900,AMD Sempron 3300+,130,62,2001
901,AMD Sempron 3300+,90,62,2005
902,AMD Sempron 3300+,90,62,2005
903,AMD Sempron 3300+,90,25,2005
904,AMD Sempron 3300+,90,62,2005
905,AMD Sempron 3400+,90,62,2005
906,AMD Sempron 3400+,90,62,2005
907,AMD Sempron 3400+,90,62,2006
908,AMD Sempron 3400+,90,62,2006
909,AMD Sempron 3400+,90,25,2006
910,AMD Sempron 3400+ EE SFF,90,35,2006
911,AMD Sempron 3500+,90,62,2005
912,AMD Sempron 3500+,90,62,2006
913,AMD Sempron 3500+ EE SFF,90,35,2006
914,AMD Sempron 3600+,90,62,2006
915,AMD Sempron 3600+,90,62,2006
916,AMD Sempron 3800+,90,62,2006
917,AMD Sempron LE-1100,65,45,2007
918,AMD Sempron LE-1150,65,45,2007
919,AMD Sempron LE-1200,65,45,2007
920,AMD Sempron LE-1250,65,45,2007
921,AMD Sempron LE-1300,65,45,2007
922,AMD Sempron X2 2100,65,65,2008
923,AMD Sempron X2 2100,65,65,2008
924,AMD Sempron X2 2200,65,65,2008
925,AMD Sempron X2 2300,65,65,2008
926,AMD Turion 64 ML-28,90,32,2005
927,AMD Turion 64 ML-30,90,35,2005
928,AMD Turion 64 ML-32,90,35,2005
929,AMD Turion 64 ML-34,90,35,2005
930,AMD Turion 64 ML-37,90,35,2005
931,AMD Turion 64 ML-40,90,35,2005
932,AMD Turion 64 ML-42,90,35,2005
933,AMD Turion 64 ML-44,90,35,2006
934,AMD Turion 64 MT-28,90,22,2005
935,AMD Turion 64 MT-30,90,22,2005
936,AMD Turion 64 MT-32,90,25,2005
937,AMD Turion 64 MT-34,90,25,2005
938,AMD Turion 64 MT-37,90,25,2005
939,AMD Turion 64 MT-40,90,25,2005
940,AMD Turion X2 RM-70,65,31,2006
941,AMD Turion X2 RM-72,65,35,2008
942,AMD Turion X2 RM-74,65,35,2008
943,AMD Turion X2 RM-75,65,35,2008
944,AMD Turion X2 RM-77,65,35,2008
945,AMD Turion X2 Ultra ZM-80,65,32,2008
946,AMD Turion X2 Ultra ZM-82,65,35,2008
947,AMD Turion X2 Ultra ZM-84,65,35,2008
948,AMD Turion X2 Ultra ZM-85,65,35,2008
949,AMD Turion X2 Ultra ZM-86,65,35,2008
950,AMD Turion X2 Ultra ZM-87,65,35,2008
951,AMD Turion X2 Ultra ZM-88,65,35,2008
952,AMD Z-01,40,6,2011
953,AMD Z-60,40,5,2012
954,Intel A100,90,3,2007
955,Intel A110,90,3,2007
956,Intel Atom 230,45,4,2008
957,Intel Atom 330,45,8,2008
958,Intel Atom CE4100,45,7,2009
959,Intel Atom CE4130,45,7,2009
960,Intel Atom CE4150,45,7,2009
961,Intel Atom D2500,32,10,2011
962,Intel Atom D2550,32,10,2011
963,Intel Atom D2700,32,10,2011
964,Intel Atom D410,45,10,2010
965,Intel Atom D425,45,10,2010
966,Intel Atom D510,45,13,2009
967,Intel Atom D525,45,13,2010
968,Intel Atom E3815,22,5,2013
969,Intel Atom E3825,22,6,2013
970,Intel Atom E3826,22,7,2013
971,Intel Atom E3827,22,8,2013
972,Intel Atom E3845,22,10,2013
973,Intel Atom E620,45,3,2010
974,Intel Atom E620T,45,3,2010
975,Intel Atom E625C,45,3,2010
976,Intel Atom E625CT,45,3,2010
977,Intel Atom E640,45,3,2010
978,Intel Atom E640T,45,3,2010
979,Intel Atom E645C,45,4,2010
980,Intel Atom E645CT,45,4,2010
981,Intel Atom E660,45,3,2010
982,Intel Atom E660T,45,3,2010
983,Intel Atom E665C,45,4,2010
984,Intel Atom E665CT,45,7,2010
985,Intel Atom E680,45,4,2010
986,Intel Atom E680T,45,4,2010
987,Intel Atom N2600,32,4,2011
988,Intel Atom N270,45,3,2008
989,Intel Atom N280,45,3,2008
990,Intel Atom N2800,32,7,2011
991,Intel Atom N450,45,6,2009
992,Intel Atom N455,45,7,2010
993,Intel Atom N470,45,7,2010
994,Intel Atom N475,45,7,2010
995,Intel Atom N550,45,9,2010
996,Intel Atom N570,45,9,2011
997,Intel Atom S1220,32,8,2012
998,Intel Atom S1240,32,6,2012
999,Intel Atom S1260,32,9,2012
1000,Intel Atom Z2420,32,3,2013
1001,Intel Atom Z2460,32,3,2012
1002,Intel Atom Z2480,32,3,2013
1003,Intel Atom Z2520,32,3,2013
1004,Intel Atom Z2560,32,3,2013
1005,Intel Atom Z2580,32,3,2013
1006,Intel Atom Z2760,32,3,2012
1007,Intel Atom Z3740,22,2,2013
1008,Intel Atom Z3770,22,8,2013
1009,Intel Atom Z500,45,1,2008
1010,Intel Atom Z510,45,2,2008
1011,Intel Atom Z510P,45,2,2009
1012,Intel Atom Z510PT,45,2,2009
1013,Intel Atom Z515,45,1,2009
1014,Intel Atom Z520,45,2,2008
1015,Intel Atom Z520PT,45,2,2009
1016,Intel Atom Z530,45,2,2008
1017,Intel Atom Z530P,45,2,2009
1018,Intel Atom Z540,45,2,2008
1019,Intel Atom Z550,45,2,2009
1020,Intel Atom Z560,45,2,2010
1021,Intel Atom Z600,45,1,2010
1022,Intel Atom Z605,45,2,2010
1023,Intel Atom Z610,45,1,2010
1024,Intel Atom Z612,45,1,2010
1025,Intel Atom Z615,45,2,2010
1026,Intel Atom Z620,45,1,2010
1027,Intel Atom Z625,45,2,2010
1028,Intel Atom Z650,45,3,2011
1029,Intel Atom Z670,45,3,2011
1030,Intel Aubrey Isle,45,300,2010
1031,Intel Celeron 1000M,22,35,2013
1032,Intel Celeron 1007U,22,17,2013
1033,Intel Celeron 1020E,22,35,2013
1034,Intel Celeron 1020E,22,35,2013
1035,Intel Celeron 1020M,22,35,2013
1036,Intel Celeron 1037U,22,17,2013
1037,Intel Celeron 1047UE,22,17,2013
1038,Intel Celeron 2.0,130,73,2002
1039,Intel Celeron 2.0,130,73,2002
1040,Intel Celeron 2.10,130,73,2002
1041,Intel Celeron 2.20,130,73,2002
1042,Intel Celeron 2.30,130,73,2003
1043,Intel Celeron 2.40,130,73,2003
1044,Intel Celeron 2.60,130,73,2003
1045,Intel Celeron 2.70,130,73,2003
1046,Intel Celeron 2.80,130,73,2003
1047,Intel Celeron 220,65,19,2007
1048,Intel Celeron 2950M,22,37,2013
1049,Intel Celeron 2950M,22,37,2013
1050,Intel Celeron 2955U,22,15,2013
1051,Intel Celeron 2955U,22,15,2013
1052,Intel Celeron 2961Y,22,12,2013
1053,Intel Celeron 2980U,22,15,2013
1054,Intel Celeron 3205U,14,15,2015
1055,Intel Celeron 3755U,14,15,2015
1056,Intel Celeron 420,65,35,2007
1057,Intel Celeron 430,65,35,2007
1058,Intel Celeron 440,65,35,2007
1059,Intel Celeron 445,65,65,2008
1060,Intel Celeron 450,65,35,2008
1061,Intel Celeron 725C,32,17,2011
1062,Intel Celeron 787,32,17,2011
1063,Intel Celeron 797,32,17,2012
1064,Intel Celeron 807,32,17,2012
1065,Intel Celeron 847,32,17,2011
1066,Intel Celeron 857,32,17,2011
1067,Intel Celeron 867,32,17,2012
1068,Intel Celeron 877,32,17,2012
1069,Intel Celeron 887,32,17,2012
1070,Intel Celeron 947UE,22,17,2013
1071,Intel Celeron B710,32,35,2011
1072,Intel Celeron B720,32,35,2012
1073,Intel Celeron B730,32,35,2012
1074,Intel Celeron B800,32,35,2011
1075,Intel Celeron B810,32,35,2011
1076,Intel Celeron B815,32,35,2012
1077,Intel Celeron B820,32,35,2012
1078,Intel Celeron B830,32,35,2012
1079,Intel Celeron B840,32,35,2011
1080,Intel Celeron D 325,90,73,2004
1081,Intel Celeron D 326,90,73,2004
1082,Intel Celeron D 330,90,84,2004
1083,Intel Celeron D 335,90,84,2004
1084,Intel Celeron D 335,90,84,2004
1085,Intel Celeron D 340,90,84,2004
1086,Intel Celeron D 341,90,84,2004
1087,Intel Celeron D 346,90,73,2004
1088,Intel Celeron D 350,90,84,2005
1089,Intel Celeron D 352,65,84,2006
1090,Intel Celeron E1200,65,65,2008
1091,Intel Celeron E1400,65,65,2008
1092,Intel Celeron E1500,65,65,2008
1093,Intel Celeron E1600,65,65,2009
1094,Intel Celeron E3200,45,65,2009
1095,Intel Celeron E3300,45,65,2009
1096,Intel Celeron E3400,45,65,2010
1097,Intel Celeron E3500,45,65,2010
1098,Intel Celeron G1101,32,73,2010
1099,Intel Celeron G1610,22,55,2012
1100,Intel Celeron G1610T,22,35,2012
1101,Intel Celeron G1620,22,55,2012
1102,Intel Celeron G1620T,22,35,2013
1103,Intel Celeron G1630,22,55,2013
1104,Intel Celeron G1820,22,54,2013
1105,Intel Celeron G1820T,22,54,2013
1106,Intel Celeron G1820TE,22,54,2013
1107,Intel Celeron G1830,22,54,2013
1108,Intel Celeron G1840,22,54,2014
1109,Intel Celeron G1840T,22,54,2014
1110,Intel Celeron G1850,22,54,2014
1111,Intel Celeron G3900,14,51,2015
1112,Intel Celeron G3920,14,51,2015
1113,Intel Celeron G3930,14,51,2017
1114,Intel Celeron G3930T,14,35,2017
1115,Intel Celeron G3950,14,51,2017
1116,Intel Celeron G440,32,35,2011
1117,Intel Celeron G460,32,35,2011
1118,Intel Celeron G465,32,35,2012
1119,Intel Celeron G4900,14,51,2018
1120,Intel Celeron G4920,14,51,2018
1121,Intel Celeron G530,32,65,2011
1122,Intel Celeron G530T,32,35,2011
1123,Intel Celeron G540,32,65,2011
1124,Intel Celeron G540T,32,35,2011
1125,Intel Celeron G550,32,65,2012
1126,Intel Celeron G550T,32,35,2011
1127,Intel Celeron G555,32,65,2012
1128,Intel Celeron G5900,14,58,2020
1129,Intel Celeron G5920,14,58,2020
1130,Intel Celeron N2805,22,4,2013
1131,Intel Celeron N2806,22,4,2013
1132,Intel Celeron N2807,22,4,2014
1133,Intel Celeron N2808,22,4,2014
1134,Intel Celeron N2810,22,7,2013
1135,Intel Celeron N2820,22,7,2013
1136,Intel Celeron N2830,22,7,2014
1137,Intel Celeron N2840,22,7,2014
1138,Intel Celeron N2910,22,7,2013
1139,Intel Celeron N2920,22,7,2013
1140,Intel Celeron N2930,22,7,2014
1141,Intel Celeron N2940,22,7,2014
1142,Intel Celeron P1053,45,30,2010
1143,Intel Core 2 Duo E4300,65,65,2006
1144,Intel Core 2 Duo E4400,65,65,2007
1145,Intel Core 2 Duo E4500,65,65,2007
1146,Intel Core 2 Duo E4600,65,65,2007
1147,Intel Core 2 Duo E4700,65,65,2008
1148,Intel Core 2 Duo E6300,65,65,2006
1149,Intel Core 2 Duo E6320,65,65,2007
1150,Intel Core 2 Duo E6400,65,65,2006
1151,Intel Core 2 Duo E6420,65,65,2007
1152,Intel Core 2 Duo E6550,65,65,2007
1153,Intel Core 2 Duo E6600,65,65,2006
1154,Intel Core 2 Duo E6700,65,65,2006
1155,Intel Core 2 Duo E6750,65,65,2007
1156,Intel Core 2 Duo E6850,65,75,2007
1157,Intel Core 2 Duo E7200,45,65,2008
1158,Intel Core 2 Duo E7300,45,65,2008
1159,Intel Core 2 Duo E7400,45,65,2008
1160,Intel Core 2 Duo E7500,45,65,2009
1161,Intel Core 2 Duo E7600,45,65,2009
1162,Intel Core 2 Duo E8190,45,65,2008
1163,Intel Core 2 Duo E8200,45,65,2008
1164,Intel Core 2 Duo E8300,45,65,2008
1165,Intel Core 2 Duo E8400,45,65,2008
1166,Intel Core 2 Duo E8500,45,65,2008
1167,Intel Core 2 Duo E8600,45,65,2008
1168,Intel Core 2 Duo T5200,65,35,2006
1169,Intel Core 2 Duo T5500,65,35,2006
1170,Intel Core 2 Duo T5600,65,35,2006
1171,Intel Core 2 Duo T7100,65,35,2007
1172,Intel Core 2 Duo T7200,65,35,2006
1173,Intel Core 2 Duo T7250,65,35,2007
1174,Intel Core 2 Duo T7300,65,35,2006
1175,Intel Core 2 Duo T7400,65,35,2006
1176,Intel Core 2 Duo T7500,65,35,2007
1177,Intel Core 2 Duo T7600,65,35,2006
1178,Intel Core 2 Duo T7600G,65,35,2006
1179,Intel Core 2 Duo T7700,65,35,2007
1180,Intel Core 2 Duo T7800,65,35,2007
1181,Intel Core 2 Duo U7500,65,10,2007
1182,Intel Core 2 Duo U7500,65,10,2008
1183,Intel Core 2 Duo U7600,65,10,2007
1184,Intel Core 2 Duo U7600,65,10,2007
1185,Intel Core 2 Duo U7700,65,10,2007
1186,Intel Core 2 Duo U7700,65,10,2008
1187,Intel Core 2 Extreme QX6700,65,130,2006
1188,Intel Core 2 Extreme QX6800,65,130,2007
1189,Intel Core 2 Extreme QX6850,65,130,2007
1190,Intel Core 2 Extreme QX9300,45,45,2008
1191,Intel Core 2 Extreme QX9650,45,130,2007
1192,Intel Core 2 Extreme QX9770,45,136,2008
1193,Intel Core 2 Extreme QX9775,45,150,2008
1194,Intel Core 2 Extreme X6800,65,75,2006
1195,Intel Core 2 Extreme X7900,65,44,2007
1196,Intel Core 2 Extreme X9100,45,44,2008
1197,Intel Core 2 Quad Q6600 (105W),65,105,2007
1198,Intel Core 2 Quad Q6600 (95W),65,95,2007
1199,Intel Core 2 Quad Q6700,65,95,2007
1200,Intel Core 2 Quad Q7600,45,95,2009
1201,Intel Core 2 Quad Q8200,45,95,2008
1202,Intel Core 2 Quad Q8200S,45,65,2009
1203,Intel Core 2 Quad Q8300,45,95,2008
1204,Intel Core 2 Quad Q8400,45,95,2009
1205,Intel Core 2 Quad Q8400S,45,65,2009
1206,Intel Core 2 Quad Q9100,45,45,2008
1207,Intel Core 2 Quad Q9300,45,95,2008
1208,Intel Core 2 Quad Q9400,45,95,2008
1209,Intel Core 2 Quad Q9400S,45,65,2009
1210,Intel Core 2 Quad Q9450,45,95,2008
1211,Intel Core 2 Quad Q9550,45,95,2008
1212,Intel Core 2 Quad Q9550S,45,65,2009
1213,Intel Core 2 Quad Q9650,45,95,2008
1214,Intel Core 2 Solo ULV SU3300,45,5,2008
1215,Intel Core 2 Solo ULV SU3500,45,5,2009
1216,Intel Core 2 Solo ULV U2100,65,5,2007
1217,Intel Core 2 Solo ULV U2200,65,5,2007
1218,Intel Core Duo LV L2300,65,15,2006
1219,Intel Core Duo LV L2400,65,15,2006
1220,Intel Core Duo LV L2500,65,15,2006
1221,Intel Core Duo T2050,65,31,2005
1222,Intel Core Duo T2250,65,31,2006
1223,Intel Core Duo T2300,65,31,2006
1224,Intel Core Duo T2400,65,31,2006
1225,Intel Core Duo T2500,65,31,2006
1226,Intel Core Duo T2600,65,31,2006
1227,Intel Core Duo T2700,65,31,2006
1228,Intel Core Duo ULV L2400,65,9,2006
1229,Intel Core Duo ULV L2500,65,9,2006
1230,Intel Core i3-1000G1,10,12,2019
1231,Intel Core i3-1000G4,10,12,2019
1232,Intel Core i3-1005G1,10,25,2019
1233,Intel Core i3-10100,14,65,2020
1234,Intel Core i3-10105,14,65,2021
1235,Intel Core i3-10105F,14,65,2021
1236,Intel Core i3-10105T,14,35,2021
1237,Intel Core i3-10110U,14,25,2019
1238,Intel Core i3-10110Y,14,9,2019
1239,Intel Core i3-10300,14,62,2020
1240,Intel Core i3-10305,14,65,2021
1241,Intel Core i3-10305T,14,35,2021
1242,Intel Core i3-10320,14,91,2020
1243,Intel Core i3-10325,14,65,2021
1244,Intel Core i3-10350K,14,91,2020
1245,Intel Core i3-1110G4,10,15,2020
1246,Intel Core i3-1115G4,10,28,2020
1247,Intel Core i3-1120G4,10,15,2020
1248,Intel Core i3-1125G4,10,28,2020
1249,Intel Core i3-2100,32,65,2011
1250,Intel Core i3-2100T,32,35,2011
1251,Intel Core i3-2102,32,65,2011
1252,Intel Core i3-2105,32,65,2011
1253,Intel Core i3-2115C,32,65,2012
1254,Intel Core i3-2120,32,65,2011
1255,Intel Core i3-2120T,32,35,2011
1256,Intel Core i3-2125,32,65,2011
1257,Intel Core i3-2130,32,65,2011
1258,Intel Core i3-2310E,32,35,2011
1259,Intel Core i3-2310M,32,35,2011
1260,Intel Core i3-2310M,32,35,2011
1261,Intel Core i3-2312M,32,35,2011
1262,Intel Core i3-2312M,32,35,2011
1263,Intel Core i3-2328M,32,35,2012
1264,Intel Core i3-2330E,32,35,2011
1265,Intel Core i3-2330M,32,35,2011
1266,Intel Core i3-2330M,32,35,2011
1267,Intel Core i3-2332M,32,35,2011
1268,Intel Core i3-2340UE,32,17,2011
1269,Intel Core i3-2350M,32,35,2011
1270,Intel Core i3-2357M,32,17,2011
1271,Intel Core i3-2367M,32,17,2011
1272,Intel Core i3-2370M,32,35,2012
1273,Intel Core i3-2377M,32,17,2012
1274,Intel Core i3-3110M,22,35,2012
1275,Intel Core i3-3110M,22,35,2012
1276,Intel Core i3-3120M,22,35,2012
1277,Intel Core i3-3120M,22,35,2012
1278,Intel Core i3-3120ME,22,35,2012
1279,Intel Core i3-3130M,22,35,2013
1280,Intel Core i3-3210,22,55,2013
1281,Intel Core i3-3217U,22,17,2012
1282,Intel Core i3-3217UE,22,17,2012
1283,Intel Core i3-3220,22,55,2012
1284,Intel Core i3-3220T,22,35,2012
1285,Intel Core i3-3225,22,55,2012
1286,Intel Core i3-3227U,22,17,2013
1287,Intel Core i3-3229Y,22,13,2013
1288,Intel Core i3-3240,22,55,2012
1289,Intel Core i3-3240T,22,35,2012
1290,Intel Core i3-350M,32,35,2010
1291,Intel Core i3-370M,32,35,2010
1292,Intel Core i3-380M,32,35,2010
1293,Intel Core i3-390M,32,35,2011
1294,Intel Core i3-4000M,22,37,2013
1295,Intel Core i3-4005U,22,15,2013
1296,Intel Core i3-4010U,22,15,2013
1297,Intel Core i3-4010Y,22,12,2013
1298,Intel Core i3-4100E,22,37,2013
1299,Intel Core i3-4100U,22,15,2013
1300,Intel Core i3-4102E,22,25,2013
1301,Intel Core i3-4130,22,54,2013
1302,Intel Core i3-4130T,22,35,2013
1303,Intel Core i3-4150T,22,35,2014
1304,Intel Core i3-4158U,22,28,2013
1305,Intel Core i3-4160,22,54,2014
1306,Intel Core i3-4160T,22,35,2014
1307,Intel Core i3-4330,22,54,2013
1308,Intel Core i3-4330T,22,35,2013
1309,Intel Core i3-4340,22,54,2013
1310,Intel Core i3-4350,22,54,2014
1311,Intel Core i3-4360,22,54,2014
1312,Intel Core i3-4360T,22,35,2014
1313,Intel Core i3-4370,22,54,2014
1314,Intel Core i3-4370,22,54,2014
1315,Intel Core i3-5005U,14,15,2015
1316,Intel Core i3-5010U,14,15,2015
1317,Intel Core i3-5157U,14,28,2015
1318,Intel Core i3-530,32,73,2010
1319,Intel Core i3-540,32,73,2010
1320,Intel Core i3-550,32,73,2010
1321,Intel Core i3-560,32,73,2010
1322,Intel Core i3-6100,14,51,2015
1323,Intel Core i3-6300,14,51,2015
1324,Intel Core i3-6320,14,51,2015
1325,Intel Core i3-7100,14,51,2017
1326,Intel Core i3-7100T,14,35,2017
1327,Intel Core i3-7120,14,51,2017
1328,Intel Core i3-7120T,14,35,2017
1329,Intel Core i3-7300,14,51,2017
1330,Intel Core i3-7300T,14,35,2017
1331,Intel Core i3-7320,14,51,2017
1332,Intel Core i3-7320T,14,35,2017
1333,Intel Core i3-7340,14,51,2017
1334,Intel Core i3-7350K,14,60,2017
1335,Intel Core i3-7360X,14,112,2017
1336,Intel Core i3-8000,14,65,2018
1337,Intel Core i3-8020,14,65,2018
1338,Intel Core i3-8100,14,62,2017
1339,Intel Core i3-8100T,14,35,2018
1340,Intel Core i3-8109U,14,28,2018
1341,Intel Core i3-8120,14,65,2018
1342,Intel Core i3-8121U,10,28,2018
1343,Intel Core i3-8130U,14,15,2018
1344,Intel Core i3-8145U,10,28,2018
1345,Intel Core i3-8300,14,62,2018
1346,Intel Core i3-8300T,14,35,2018
1347,Intel Core i3-8350K,14,91,2017
1348,Intel Core i3-9000,14,65,2018
1349,Intel Core i3-9100,14,65,2018
1350,Intel Core i3-9100F,14,65,2019
1351,Intel Core i3-9300,14,62,2019
1352,Intel Core i3-9320,14,62,2019
1353,Intel Core i3-9350K,14,91,2019
1354,Intel Core i3-9350KF,14,91,2019
1355,Intel Core i5-10200H,14,45,2020
1356,Intel Core i5-10210U,14,25,2019
1357,Intel Core i5-10210Y,14,9,2019
1358,Intel Core i5-10300H,14,45,2020
1359,Intel Core i5-1030G4,10,12,2019
1360,Intel Core i5-1030G7,10,12,2019
1361,Intel Core i5-10310Y,14,9,2019
1362,Intel Core i5-1035G1,10,25,2019
1363,Intel Core i5-1035G4,10,25,2019
1364,Intel Core i5-1035G7,10,25,2019
1365,Intel Core i5-10400,14,65,2020
1366,Intel Core i5-10400F,14,65,2020
1367,Intel Core i5-10400H,14,45,2020
1368,Intel Core i5-10500,14,65,2020
1369,Intel Core i5-10600,14,65,2020
1370,Intel Core i5-10600K,14,125,2020
1371,Intel Core i5-10600KF,14,95,2020
1372,Intel Core i5-11260H,10,35,2021
1373,Intel Core i5-1130G7,10,15,2020
1374,Intel Core i5-1135G7,10,28,2020
1375,Intel Core i5-11400,14,65,2021
1376,Intel Core i5-11400F,14,65,2021
1377,Intel Core i5-11400H,10,35,2021
1378,Intel Core i5-11400T,14,35,2021
1379,Intel Core i5-1145G7,10,28,2020
1380,Intel Core i5-11500,14,65,2021
1381,Intel Core i5-11500H,10,35,2021
1382,Intel Core i5-11500T,14,35,2021
1383,Intel Core i5-1155G7,10,28,2021
1384,Intel Core i5-11600,14,65,2021
1385,Intel Core i5-11600K,14,125,2021
1386,Intel Core i5-11600KF,14,125,2021
1387,Intel Core i5-11600T,14,35,2021
1388,Intel Core i5-2300,32,95,2011
1389,Intel Core i5-2310,32,95,2011
1390,Intel Core i5-2320,32,95,2011
1391,Intel Core i5-2380P,32,95,2012
1392,Intel Core i5-2390T,32,35,2011
1393,Intel Core i5-2400,32,95,2011
1394,Intel Core i5-2400S,32,65,2011
1395,Intel Core i5-2405S,32,65,2011
1396,Intel Core i5-2410M,32,35,2011
1397,Intel Core i5-2410M,32,35,2011
1398,Intel Core i5-2415M,32,35,2011
1399,Intel Core i5-2430M,32,35,2011
1400,Intel Core i5-2430M,32,35,2011
1401,Intel Core i5-2435M,32,35,2011
1402,Intel Core i5-2435M,32,35,2011
1403,Intel Core i5-2450M,32,35,2012
1404,Intel Core i5-2450M,32,35,2012
1405,Intel Core i5-2450P,32,95,2012
1406,Intel Core i5-2467M,32,17,2011
1407,Intel Core i5-2500,32,95,2011
1408,Intel Core i5-2500K,32,95,2011
1409,Intel Core i5-2500S,32,65,2011
1410,Intel Core i5-2500T,32,45,2011
1411,Intel Core i5-2510E,32,35,2011
1412,Intel Core i5-2515E,32,35,2011
1413,Intel Core i5-2520M,32,35,2011
1414,Intel Core i5-2520M,32,35,2011
1415,Intel Core i5-2537M,32,17,2011
1416,Intel Core i5-2540M,32,35,2011
1417,Intel Core i5-2540M,32,35,2011
1418,Intel Core i5-2550K,32,95,2012
1419,Intel Core i5-2557M,32,17,2011
1420,Intel Core i5-3210M,22,35,2012
1421,Intel Core i5-3210M,22,35,2012
1422,Intel Core i5-3230M,22,35,2013
1423,Intel Core i5-3230M,22,35,2013
1424,Intel Core i5-3317U,22,17,2012
1425,Intel Core i5-3320M,22,35,2012
1426,Intel Core i5-3320M,22,35,2012
1427,Intel Core i5-3330,22,77,2012
1428,Intel Core i5-3330S,22,77,2012
1429,Intel Core i5-3335S,22,65,2012
1430,Intel Core i5-3337U,22,17,2013
1431,Intel Core i5-3339Y,22,13,2013
1432,Intel Core i5-3340M,22,35,2013
1433,Intel Core i5-3340M,22,35,2013
1434,Intel Core i5-3350P,22,69,2012
1435,Intel Core i5-3360M,22,35,2012
1436,Intel Core i5-3360M,22,35,2012
1437,Intel Core i5-3365M,22,35,2012
1438,Intel Core i5-3380M,22,35,2013
1439,Intel Core i5-3380M,22,35,2013
1440,Intel Core i5-3427U,22,17,2012
1441,Intel Core i5-3437U,22,17,2013
1442,Intel Core i5-3439Y,22,13,2013
1443,Intel Core i5-3450,22,77,2012
1444,Intel Core i5-3450S,22,65,2012
1445,Intel Core i5-3470,22,77,2012
1446,Intel Core i5-3470S,22,65,2012
1447,Intel Core i5-3470T,22,35,2012
1448,Intel Core i5-3475S,22,65,2012
1449,Intel Core i5-3550,22,77,2012
1450,Intel Core i5-3550S,22,65,2012
1451,Intel Core i5-3570,22,77,2012
1452,Intel Core i5-3570K,22,77,2012
1453,Intel Core i5-3570S,22,65,2012
1454,Intel Core i5-3570T,22,45,2012
1455,Intel Core i5-3610ME,22,35,2012
1456,Intel Core i5-3610ME,22,35,2012
1457,Intel Core i5-4200U,22,15,2013
1458,Intel Core i5-4200Y,22,12,2013
1459,Intel Core i5-4210U,22,15,2014
1460,Intel Core i5-4250U,22,15,2013
1461,Intel Core i5-4258U,22,28,2013
1462,Intel Core i5-4288U,22,28,2013
1463,Intel Core i5-4300M,22,37,2013
1464,Intel Core i5-430M,32,35,2010
1465,Intel Core i5-4330M,22,37,2013
1466,Intel Core i5-4350U,22,15,2013
1467,Intel Core i5-4430,22,84,2013
1468,Intel Core i5-4430S,22,65,2013
1469,Intel Core i5-4440,22,84,2013
1470,Intel Core i5-4440S,22,65,2013
1471,Intel Core i5-450M,32,35,2010
1472,Intel Core i5-4570,22,84,2013
1473,Intel Core i5-4570R,22,65,2013
1474,Intel Core i5-4570S,22,65,2013
1475,Intel Core i5-4570T,22,35,2013
1476,Intel Core i5-4570TE,22,35,2013
1477,Intel Core i5-4590,22,84,2014
1478,Intel Core i5-4590S,22,65,2014
1479,Intel Core i5-460M,32,35,2010
1480,Intel Core i5-4670,22,84,2013
1481,Intel Core i5-4670K,22,84,2013
1482,Intel Core i5-4670R,22,65,2013
1483,Intel Core i5-4670S,22,65,2013
1484,Intel Core i5-4670T,22,45,2013
1485,Intel Core i5-4690,22,84,2014
1486,Intel Core i5-4690K,22,88,2014
1487,Intel Core i5-480M,32,35,2011
1488,Intel Core i5-5200U,14,15,2015
1489,Intel Core i5-5250U,14,15,2015
1490,Intel Core i5-5257U,14,28,2015
1491,Intel Core i5-5287U,14,28,2015
1492,Intel Core i5-5300U,14,15,2015
1493,Intel Core i5-5350U,14,15,2015
1494,Intel Core i5-540M,32,35,2010
1495,Intel Core i5-560M,32,35,2010
1496,Intel Core i5-5675C,14,65,2015
1497,Intel Core i5-580M,32,35,2010
1498,Intel Core i5-6350HQ,14,45,2016
1499,Intel Core i5-6400,14,65,2015
1500,Intel Core i5-650,32,73,2010
1501,Intel Core i5-6500,14,65,2015
1502,Intel Core i5-655K,32,73,2010
1503,Intel Core i5-660,32,73,2010
1504,Intel Core i5-6600,14,65,2015
1505,Intel Core i5-6600K,14,95,2015
1506,Intel Core i5-661,32,87,2010
1507,Intel Core i5-670,32,73,2010
1508,Intel Core i5-680,32,73,2010
1509,Intel Core i5-7300HQ,14,45,2017
1510,Intel Core i5-7400,14,65,2017
1511,Intel Core i5-7400T,14,35,2017
1512,Intel Core i5-750,45,95,2009
1513,Intel Core i5-7500,14,65,2017
1514,Intel Core i5-7500T,14,35,2017
1515,Intel Core i5-750s,45,82,2010
1516,Intel Core i5-760,45,95,2010
1517,Intel Core i5-7600,14,65,2017
1518,Intel Core i5-7600K,14,91,2017
1519,Intel Core i5-7600T,14,35,2017
1520,Intel Core i5-7640X,14,112,2017
1521,Intel Core i5-8250U,14,15,2017
1522,Intel Core i5-8259U,14,28,2018
1523,Intel Core i5-8265U,14,28,2018
1524,Intel Core i5-8269U,14,28,2018
1525,Intel Core i5-8300H,14,45,2018
1526,Intel Core i5-8305G,14,65,2018
1527,Intel Core i5-8350U,14,15,2017
1528,Intel Core i5-8400,14,65,2017
1529,Intel Core i5-8400H,14,45,2018
1530,Intel Core i5-8400T,14,35,2018
1531,Intel Core i5-8420,14,65,2018
1532,Intel Core i5-8420T,14,35,2018
1533,Intel Core i5-8500,14,65,2018
1534,Intel Core i5-8500T,14,35,2018
1535,Intel Core i5-8550,14,65,2018
1536,Intel Core i5-8600,14,65,2018
1537,Intel Core i5-8600K,14,95,2017
1538,Intel Core i5-8600T,14,35,2018
1539,Intel Core i5-8650,14,65,2018
1540,Intel Core i5-8650K,14,95,2018
1541,Intel Core i5-9400,14,65,2018
1542,Intel Core i5-9400F,14,65,2019
1543,Intel Core i5-9400T,14,35,2018
1544,Intel Core i5-9500,14,65,2018
1545,Intel Core i5-9500F,14,65,2019
1546,Intel Core i5-9600,14,65,2018
1547,Intel Core i5-9600K,14,95,2018
1548,Intel Core i5-9600KF,14,95,2019
1549,Intel Core i7-10510U,14,25,2019
1550,Intel Core i7-10510Y,14,9,2019
1551,Intel Core i7-1060G7,10,12,2019
1552,Intel Core i7-10610U,14,25,2020
1553,Intel Core i7-1065G7,10,25,2019
1554,Intel Core i7-1068G7,10,28,2019
1555,Intel Core i7-10700,14,65,2020
1556,Intel Core i7-10700F,14,65,2020
1557,Intel Core i7-10700K,14,125,2020
1558,Intel Core i7-10700KF,14,125,2020
1559,Intel Core i7-10710U,14,25,2019
1560,Intel Core i7-10750H,14,45,2020
1561,Intel Core i7-10810U,14,25,2020
1562,Intel Core i7-10850H,14,45,2020
1563,Intel Core i7-10870H,14,45,2020
1564,Intel Core i7-10875H,14,45,2020
1565,Intel Core i7-10885H,14,45,2020
1566,Intel Core i7-1160G7,10,15,2020
1567,Intel Core i7-1165G7,10,28,2020
1568,Intel Core i7-11700,14,65,2021
1569,Intel Core i7-11700F,14,65,2021
1570,Intel Core i7-11700K,14,125,2021
1571,Intel Core i7-11700KF,14,125,2021
1572,Intel Core i7-11700T,14,35,2021
1573,Intel Core i7-11800H,10,35,2021
1574,Intel Core i7-11850H,10,35,2021
1575,Intel Core i7-1185G7,10,28,2020
1576,Intel Core i7-1195G7,10,28,2021
1577,Intel Core i7-2600,32,95,2011
1578,Intel Core i7-2600K,32,95,2011
1579,Intel Core i7-2600S,32,65,2011
1580,Intel Core i7-2630QM,32,45,2011
1581,Intel Core i7-2635QM,32,45,2011
1582,Intel Core i7-2670QM,32,45,2011
1583,Intel Core i7-2675QM,32,45,2011
1584,Intel Core i7-2700K,32,95,2011
1585,Intel Core i7-2710QE,32,45,2011
1586,Intel Core i7-2715QE,32,45,2011
1587,Intel Core i7-2720QM,32,45,2011
1588,Intel Core i7-2720QM,32,45,2011
1589,Intel Core i7-2760QM,32,45,2011
1590,Intel Core i7-2760QM,32,45,2011
1591,Intel Core i7-2820QM,32,45,2011
1592,Intel Core i7-2820QM,32,45,2011
1593,Intel Core i7-2860QM,32,45,2011
1594,Intel Core i7-2860QM,32,45,2011
1595,Intel Core i7-2920XM,32,55,2011
1596,Intel Core i7-2960XM,32,55,2011
1597,Intel Core i7-3517U,22,17,2012
1598,Intel Core i7-3517UE,22,17,2012
1599,Intel Core i7-3520M,22,35,2012
1600,Intel Core i7-3520M,22,35,2012
1601,Intel Core i7-3525M,22,35,2012
1602,Intel Core i7-3537U,22,17,2013
1603,Intel Core i7-3540M,22,35,2013
1604,Intel Core i7-3540M,22,35,2013
1605,Intel Core i7-3555LE,22,25,2012
1606,Intel Core i7-3610QE,22,45,2012
1607,Intel Core i7-3610QM,22,45,2012
1608,Intel Core i7-3612QE,22,35,2012
1609,Intel Core i7-3612QM,22,35,2012
1610,Intel Core i7-3612QM,22,35,2012
1611,Intel Core i7-3615QE,22,45,2012
1612,Intel Core i7-3615QM,22,45,2012
1613,Intel Core i7-3630QM,22,45,2012
1614,Intel Core i7-3632QM,22,35,2012
1615,Intel Core i7-3632QM,22,35,2012
1616,Intel Core i7-3635QM,22,45,2012
1617,Intel Core i7-3667U,22,17,2012
1618,Intel Core i7-3687U,22,17,2013
1619,Intel Core i7-3689Y,22,13,2013
1620,Intel Core i7-3720QM,22,45,2012
1621,Intel Core i7-3720QM,22,45,2012
1622,Intel Core i7-3740QM,22,45,2012
1623,Intel Core i7-3740QM,22,45,2012
1624,Intel Core i7-3770,22,77,2012
1625,Intel Core i7-3770K,22,77,2012
1626,Intel Core i7-3770S,22,65,2012
1627,Intel Core i7-3770T,22,45,2012
1628,Intel Core i7-3820,32,130,2012
1629,Intel Core i7-3820QM,22,45,2012
1630,Intel Core i7-3820QM,22,45,2012
1631,Intel Core i7-3840QM,22,45,2012
1632,Intel Core i7-3840QM,22,45,2012
1633,Intel Core i7-3910K,32,130,2013
1634,Intel Core i7-3920XM,22,55,2012
1635,Intel Core i7-3930K,32,130,2011
1636,Intel Core i7-3940XM,22,55,2012
1637,Intel Core i7-3960X,32,130,2011
1638,Intel Core i7-3970X,32,150,2012
1639,Intel Core i7-4500U,22,15,2013
1640,Intel Core i7-4550U,22,15,2013
1641,Intel Core i7-4558U,22,28,2013
1642,Intel Core i7-4600M,22,37,2013
1643,Intel Core i7-4600U,22,15,2013
1644,Intel Core i7-4610M,22,37,2014
1645,Intel Core i7-4650U,22,15,2013
1646,Intel Core i7-4700EQ,22,47,2013
1647,Intel Core i7-4700EQ,22,47,2013
1648,Intel Core i7-4700HQ,22,47,2013
1649,Intel Core i7-4700MQ,22,47,2013
1650,Intel Core i7-4702HQ,22,37,2013
1651,Intel Core i7-4702MQ,22,37,2013
1652,Intel Core i7-4710HQ,22,47,2014
1653,Intel Core i7-4710MQ,22,47,2013
1654,Intel Core i7-4712HQ,22,37,2014
1655,Intel Core i7-4712MQ,22,37,2013
1656,Intel Core i7-4750HQ,22,47,2013
1657,Intel Core i7-4760HQ,22,47,2014
1658,Intel Core i7-4765T,22,35,2013
1659,Intel Core i7-4770,22,84,2013
1660,Intel Core i7-4770HQ,22,47,2014
1661,Intel Core i7-4770K,22,84,2013
1662,Intel Core i7-4770R,22,65,2013
1663,Intel Core i7-4770S,22,65,2013
1664,Intel Core i7-4770T,22,45,2013
1665,Intel Core i7-4770TE,22,45,2013
1666,Intel Core i7-4771,22,84,2013
1667,Intel Core i7-4790,22,84,2014
1668,Intel Core i7-4790K,22,88,2014
1669,Intel Core i7-4790S,22,65,2014
1670,Intel Core i7-4800MQ,22,47,2013
1671,Intel Core i7-4810MQ,22,47,2014
1672,Intel Core i7-4820K,22,130,2013
1673,Intel Core i7-4850EQ,22,47,2013
1674,Intel Core i7-4850HQ,22,47,2013
1675,Intel Core i7-4860EQ,22,47,2013
1676,Intel Core i7-4860HQ,22,47,2014
1677,Intel Core i7-4870HQ,22,47,2014
1678,Intel Core i7-4900MQ,22,47,2013
1679,Intel Core i7-4910MQ,22,47,2014
1680,Intel Core i7-4930K,22,130,2013
1681,Intel Core i7-4930MX,22,57,2013
1682,Intel Core i7-4940MX,22,57,2014
1683,Intel Core i7-4950HQ,22,47,2013
1684,Intel Core i7-4960HQ,22,47,2013
1685,Intel Core i7-4960X,22,130,2013
1686,Intel Core i7-4980HQ,22,47,2013
1687,Intel Core i7-5500U,14,15,2015
1688,Intel Core i7-5550U,14,15,2015
1689,Intel Core i7-5557U,14,28,2015
1690,Intel Core i7-5600U,14,15,2015
1691,Intel Core i7-5650U,14,15,2015
1692,Intel Core i7-5775C,14,65,2015
1693,Intel Core i7-5820K,22,140,2014
1694,Intel Core i7-5930K,22,140,2014
1695,Intel Core i7-5960X,22,140,2014
1696,Intel Core i7-620M,32,35,2010
1697,Intel Core i7-620M,32,35,2010
1698,Intel Core i7-640M,32,35,2010
1699,Intel Core i7-640M,32,35,2010
1700,Intel Core i7-6700,14,65,2015
1701,Intel Core i7-6700K,14,95,2015
1702,Intel Core i7-6700T,14,35,2015
1703,Intel Core i7-6700TE,14,35,2015
1704,Intel Core i7-6800K,14,140,2016
1705,Intel Core i7-6850K,14,140,2016
1706,Intel Core i7-6900K,14,140,2016
1707,Intel Core i7-6950X,14,140,2016
1708,Intel Core i7-7700,14,65,2017
1709,Intel Core i7-7700K,14,91,2017
1710,Intel Core i7-7700T,14,35,2017
1711,Intel Core i7-7740X,14,112,2017
1712,Intel Core i7-7800X,14,140,2017
1713,Intel Core i7-7820X,14,140,2017
1714,Intel Core i7-8086K,14,95,2018
1715,Intel Core i7-8550U,14,15,2017
1716,Intel Core i7-8559U,14,28,2018
1717,Intel Core i7-8565U,14,28,2018
1718,Intel Core i7-860,45,95,2009
1719,Intel Core i7-860S,45,82,2010
1720,Intel Core i7-8650U,14,15,2017
1721,Intel Core i7-8670,14,65,2018
1722,Intel Core i7-8670T,14,35,2018
1723,Intel Core i7-870,45,95,2009
1724,Intel Core i7-8700,14,65,2018
1725,Intel Core i7-8700K,14,95,2017
1726,Intel Core i7-8700T,14,35,2018
1727,Intel Core i7-8705G,14,65,2018
1728,Intel Core i7-8706G,14,65,2018
1729,Intel Core i7-8709G,14,65,2018
1730,Intel Core i7-870S,45,82,2010
1731,Intel Core i7-8750H,14,45,2018
1732,Intel Core i7-875K,45,95,2010
1733,Intel Core i7-880,45,95,2010
1734,Intel Core i7-8809G,14,65,2018
1735,Intel Core i7-8850H,14,45,2018
1736,Intel Core i7-920,45,130,2008
1737,Intel Core i7-930,45,130,2010
1738,Intel Core i7-940,45,130,2008
1739,Intel Core i7-950,45,130,2009
1740,Intel Core i7-960,45,130,2009
1741,Intel Core i7-965,45,130,2008
1742,Intel Core i7-970,32,130,2010
1743,Intel Core i7-9700,14,65,2019
1744,Intel Core i7-9700F,14,65,2019
1745,Intel Core i7-9700K,14,95,2018
1746,Intel Core i7-9700KF,14,95,2019
1747,Intel Core i7-975,45,130,2009
1748,Intel Core i7-9750H,14,45,2019
1749,Intel Core i7-9750HF,14,45,2019
1750,Intel Core i7-980,32,130,2011
1751,Intel Core i7-9800X,14,165,2018
1752,Intel Core i7-980X,32,130,2010
1753,Intel Core i7-9850H,14,45,2019
1754,Intel Core i7-9850HE,14,45,2019
1755,Intel Core i7-9850HL,14,25,2019
1756,Intel Core i7-990X,32,130,2011
1757,Intel Core i9-10800F,14,65,2020
1758,Intel Core i9-10850K,14,125,2020
1759,Intel Core i9-10900,14,65,2020
1760,Intel Core i9-10900F,14,65,2020
1761,Intel Core i9-10900K,14,125,2020
1762,Intel Core i9-10900KF,14,125,2020
1763,Intel Core i9-10900X,14,165,2019
1764,Intel Core i9-10920X,14,165,2019
1765,Intel Core i9-10940X,14,165,2019
1766,Intel Core i9-10980HK,14,45,2020
1767,Intel Core i9-10980XE,14,165,2019
1768,Intel Core i9-10990XE,14,380,
1769,Intel Core i9-11900,14,65,2021
1770,Intel Core i9-11900F,14,65,2021
1771,Intel Core i9-11900H,10,35,2021
1772,Intel Core i9-11900K,14,125,2021
1773,Intel Core i9-11900KB,10,65,2021
1774,Intel Core i9-11900KF,14,125,2021
1775,Intel Core i9-11900T,14,35,2021
1776,Intel Core i9-11950H,10,35,2021
1777,Intel Core i9-11980HK,10,65,2021
1778,Intel Core i9-7900X,14,140,2017
1779,Intel Core i9-7920X,14,140,2017
1780,Intel Core i9-7940X,14,165,2017
1781,Intel Core i9-7960X,14,165,2017
1782,Intel Core i9-7980XE,14,165,2017
1783,Intel Core i9-8950HK,14,95,2018
1784,Intel Core i9-9820X,14,165,2018
1785,Intel Core i9-9880H,14,45,2019
1786,Intel Core i9-9900,14,65,2019
1787,Intel Core i9-9900K,14,95,2018
1788,Intel Core i9-9900KF,14,95,2019
1789,Intel Core i9-9900KS,14,127,2019
1790,Intel Core i9-9900X,14,165,2018
1791,Intel Core i9-9920X,14,165,2018
1792,Intel Core i9-9940X,14,165,2018
1793,Intel Core i9-9960X,14,165,2018
1794,Intel Core i9-9980HK,14,45,2019
1795,Intel Core i9-9980XE,14,165,2018
1796,Intel Core i9-9990XE,14,255,2018
1797,Intel Core M-5Y10,14,5,2014
1798,Intel Core M-5Y10a,14,5,2014
1799,Intel Core M-5Y10c,14,5,2014
1800,Intel Core M-5Y31,14,5,2014
1801,Intel Core M-5Y51,14,5,2014
1802,Intel Core M-5Y70,14,5,2014
1803,Intel Core M-5Y71,14,5,2014
1804,Intel Core m3-8114Y,10,28,2018
1805,Intel Core Solo T1200,65,27,2006
1806,Intel Core Solo T1300,65,27,2006
1807,Intel Core Solo T1350,65,27,2006
1808,Intel Core Solo T1400,65,27,2006
1809,Intel Core Solo ULV U1300,65,5,2006
1810,Intel Core Solo ULV U1400,65,5,2006
1811,Intel Core Solo ULV U1500,65,5,2006
1812,Intel Mobile Pentium 4 2.40,130,60,2003
1813,Intel Mobile Pentium 4 2.66,130,66,2003
1814,Intel Mobile Pentium 4 2.80,130,68,2003
1815,Intel Mobile Pentium 4 3.06,130,70,2003
1816,Intel Mobile Pentium 4 HT 2.66,130,66,2003
1817,Intel Mobile Pentium 4 HT 2.80,130,68,2003
1818,Intel Mobile Pentium 4 HT 3.06,130,70,2003
1819,Intel Mobile Pentium 4 HT 3.20,130,76,2003
1820,Intel Mobile Pentium 4 HT 518,90,88,2004
1821,Intel Mobile Pentium 4 HT 532,90,88,2004
1822,Intel Mobile Pentium 4 HT 538,90,88,2004
1823,Intel Mobile Pentium 4 HT 548,90,88,2004
1824,Intel Mobile Pentium 4 HT 552,90,88,2005
1825,Intel Pentium 2020M,22,35,2012
1826,Intel Pentium 2030M,22,35,2013
1827,Intel Pentium 2117U,22,17,2012
1828,Intel Pentium 2117U,22,17,2012
1829,Intel Pentium 2129Y,22,10,2012
1830,Intel Pentium 350,32,15,2011
1831,Intel Pentium 3550M,22,37,2013
1832,Intel Pentium 3556U,22,15,2013
1833,Intel Pentium 3560Y,22,12,2013
1834,Intel Pentium 3805U,14,15,2015
1835,Intel Pentium 4 1.3,180,52,2001
1836,Intel Pentium 4 1.4,180,55,2000
1837,Intel Pentium 4 1.4,180,55,2001
1838,Intel Pentium 4 1.5,180,58,2000
1839,Intel Pentium 4 1.5,180,58,2001
1840,Intel Pentium 4 1.6,180,61,2001
1841,Intel Pentium 4 1.6,180,61,2001
1842,Intel Pentium 4 1.7,180,64,2001
1843,Intel Pentium 4 1.7,180,64,2001
1844,Intel Pentium 4 1.80,180,67,2001
1845,Intel Pentium 4 1.8A,180,67,2001
1846,Intel Pentium 4 1.9,180,69,2001
1847,Intel Pentium 4 1.9,180,69,2001
1848,Intel Pentium 4 2.0,130,110,2001
1849,Intel Pentium 4 2.0,180,72,2001
1850,Intel Pentium 4 2.0,180,72,2001
1851,Intel Pentium 4 2.0,130,92,2002
1852,Intel Pentium 4 2.2,130,92,2002
1853,Intel Pentium 4 2.26,130,110,2002
1854,Intel Pentium 4 2.4,130,92,2002
1855,Intel Pentium 4 2.4,130,110,2002
1856,Intel Pentium 4 2.40,90,110,2004
1857,Intel Pentium 4 2.53,130,110,2002
1858,Intel Pentium 4 2.60,130,92,2002
1859,Intel Pentium 4 2.66,130,110,2002
1860,Intel Pentium 4 2.80,130,110,2002
1861,Intel Pentium 4 505,90,84,2004
1862,Intel Pentium 4 505J,90,84,2004
1863,Intel Pentium 4 506,90,84,2005
1864,Intel Pentium 4 506,90,84,2005
1865,Intel Pentium 4 506,90,84,2005
1866,Intel Pentium 4 511,90,84,2005
1867,Intel Pentium 4 511,90,84,2005
1868,Intel Pentium 4 511,90,84,2005
1869,Intel Pentium 4 519,90,84,2004
1870,Intel Pentium 4 519K,90,84,2005
1871,Intel Pentium 4 519K,90,84,2005
1872,Intel Pentium 4 HT 2.40,130,66,2003
1873,Intel Pentium 4 HT 2.60,130,69,2003
1874,Intel Pentium 4 HT 2.80,130,70,2003
1875,Intel Pentium 4 HT 2.8E,90,115,2004
1876,Intel Pentium 4 HT 3.00,130,82,2003
1877,Intel Pentium 4 HT 3.06,130,110,2003
1878,Intel Pentium 4 HT 3.0E,90,115,2004
1879,Intel Pentium 4 HT 3.20,130,82,2003
1880,Intel Pentium 4 HT 3.2E,90,115,2004
1881,Intel Pentium 4 HT 3.40,130,89,2004
1882,Intel Pentium 4 HT 3.4E,90,115,2004
1883,Intel Pentium 4 HT 3.6E,90,115,2004
1884,Intel Pentium 4 HT 515,90,84,2001
1885,Intel Pentium 4 HT 515,90,84,2001
1886,Intel Pentium 4 HT 516,90,84,2001
1887,Intel Pentium 4 HT 516,90,84,2001
1888,Intel Pentium 4 HT 517,90,84,2001
1889,Intel Pentium 4 HT 517,90,84,2001
1890,Intel Pentium 4 HT 520,90,84,2004
1891,Intel Pentium 4 HT 520,90,84,2004
1892,Intel Pentium 4 HT 520,90,84,2004
1893,Intel Pentium 4 HT 520,90,84,2004
1894,Intel Pentium 4 HT 521,90,84,2005
1895,Intel Pentium 4 HT 524,90,84,2001
1896,Intel Pentium 4 HT 524,90,84,2001
1897,Intel Pentium 4 HT 530,90,84,2004
1898,Intel Pentium 4 HT 531,90,84,2005
1899,Intel Pentium 4 HT 540,90,84,2004
1900,Intel Pentium 4 HT 541,90,84,2005
1901,Intel Pentium 4 HT 550,90,115,2004
1902,Intel Pentium 4 HT 551,90,115,2005
1903,Intel Pentium 4 HT 560,90,115,2004
1904,Intel Pentium 4 HT 561,90,115,2005
1905,Intel Pentium 4 HT 570,90,115,2004
1906,Intel Pentium 4 HT 571,90,115,2005
1907,Intel Pentium 4 HT 620,90,84,2005
1908,Intel Pentium 4 HT 630,90,84,2005
1909,Intel Pentium 4 HT 631,65,86,2006
1910,Intel Pentium 4 HT 640,90,84,2005
1911,Intel Pentium 4 HT 641,65,86,2006
1912,Intel Pentium 4 HT 650,90,84,2005
1913,Intel Pentium 4 HT 651,65,86,2006
1914,Intel Pentium 4 HT 660,90,84,2005
1915,Intel Pentium 4 HT 661,65,86,2006
1916,Intel Pentium 4 HT 662,90,84,2005
1917,Intel Pentium 4 HT 670,90,84,2005
1918,Intel Pentium 4 HT 672,90,84,2005
1919,Intel Pentium 4 HT EE 3.20,130,110,2003
1920,Intel Pentium 4 HT EE 3.40,130,110,2004
1921,Intel Pentium 4 HT EE 3.40,130,110,2004
1922,Intel Pentium 4 HT EE 3.46,130,110,2004
1923,Intel Pentium 4 HT EE 3.73,90,115,2005
1924,Intel Pentium 4-M 1.40,130,21,2002
1925,Intel Pentium 4-M 1.50,130,26,2002
1926,Intel Pentium 4-M 1.60,130,30,2002
1927,Intel Pentium 4-M 1.70,130,30,2002
1928,Intel Pentium 4-M 1.80,130,30,2002
1929,Intel Pentium 4-M 1.90,130,32,2002
1930,Intel Pentium 4-M 2.00,130,32,2002
1931,Intel Pentium 4-M 2.20,130,35,2002
1932,Intel Pentium 4-M 2.40,130,35,2003
1933,Intel Pentium 4-M 2.50,130,35,2003
1934,Intel Pentium 4-M 2.60,130,35,2003
1935,Intel Pentium 957,32,17,2011
1936,Intel Pentium 967,32,17,2011
1937,Intel Pentium 977,32,17,2012
1938,Intel Pentium 987,32,17,2013
1939,Intel Pentium 997,32,17,2012
1940,Intel Pentium B915C,32,35,2012
1941,Intel Pentium B940,32,35,2011
1942,Intel Pentium B950,32,35,2011
1943,Intel Pentium B960,32,35,2011
1944,Intel Pentium B970,32,35,2012
1945,Intel Pentium B980,32,35,2012
1946,Intel Pentium D 820,90,130,2005
1947,Intel Pentium D 820,90,130,2005
1948,Intel Pentium D 830,90,130,2005
1949,Intel Pentium D 840,90,130,2005
1950,Intel Pentium D 840 EE,90,130,2005
1951,Intel Pentium D 915,65,95,2006
1952,Intel Pentium D 920,65,130,2006
1953,Intel Pentium D 925,65,95,2006
1954,Intel Pentium D 930,65,130,2006
1955,Intel Pentium D 935,65,95,2007
1956,Intel Pentium D 940,65,130,2006
1957,Intel Pentium D 945,65,95,2006
1958,Intel Pentium D 950,65,130,2006
1959,Intel Pentium D 955 EE,65,130,2006
1960,Intel Pentium D 960,65,130,2006
1961,Intel Pentium D 965 EE,65,130,2006
1962,Intel Pentium Dual-Core E2140,65,65,2007
1963,Intel Pentium Dual-Core E2160,65,65,2007
1964,Intel Pentium Dual-Core E2180,65,65,2007
1965,Intel Pentium Dual-Core E2200,65,65,2007
1966,Intel Pentium Dual-Core E2210,45,65,2009
1967,Intel Pentium Dual-Core E2220,65,65,2008
1968,Intel Pentium Dual-Core T4200,45,35,2009
1969,Intel Pentium Dual-Core T4300,45,35,2009
1970,Intel Pentium Dual-Core T4400,45,35,2009
1971,Intel Pentium Dual-Core T4500,45,35,2010
1972,Intel Pentium E5200,45,65,2008
1973,Intel Pentium E5300,45,65,2008
1974,Intel Pentium E5400,45,65,2009
1975,Intel Pentium E5500,45,65,2010
1976,Intel Pentium E5700,45,65,2010
1977,Intel Pentium E5800,45,65,2010
1978,Intel Pentium E6300,45,65,2009
1979,Intel Pentium E6500,45,65,2009
1980,Intel Pentium E6500K,45,65,2009
1981,Intel Pentium E6600,45,65,2010
1982,Intel Pentium E6700,45,65,2010
1983,Intel Pentium E6800,45,65,2010
1984,Intel Pentium G2010,22,55,2013
1985,Intel Pentium G2020,22,55,2013
1986,Intel Pentium G2020T,22,35,2013
1987,Intel Pentium G2100T,22,35,2012
1988,Intel Pentium G2120,22,55,2012
1989,Intel Pentium G2130,22,55,2013
1990,Intel Pentium G3220,22,54,2013
1991,Intel Pentium G3220T,22,35,2013
1992,Intel Pentium G3250,22,54,2014
1993,Intel Pentium G3250T,22,35,2014
1994,Intel Pentium G3258,22,54,2014
1995,Intel Pentium G3420,22,54,2013
1996,Intel Pentium G3420T,22,35,2013
1997,Intel Pentium G3430,22,54,2013
1998,Intel Pentium G3440,22,54,2014
1999,Intel Pentium G3450,22,54,2014
2000,Intel Pentium G3450T,22,35,2014
2001,Intel Pentium G3460,22,54,2014
2002,Intel Pentium G4400,14,51,2015
2003,Intel Pentium G4500,14,51,2015
2004,Intel Pentium G4520,14,51,2015
2005,Intel Pentium G4560,14,51,2017
2006,Intel Pentium G4560T,14,35,2017
2007,Intel Pentium G4600,14,51,2017
2008,Intel Pentium G4600T,14,35,2017
2009,Intel Pentium G4620,14,51,2017
2010,Intel Pentium G620,32,65,2011
2011,Intel Pentium G620T,32,35,2011
2012,Intel Pentium G622,32,65,2011
2013,Intel Pentium G630,32,65,2011
2014,Intel Pentium G630T,32,35,2011
2015,Intel Pentium G632,32,65,2011
2016,Intel Pentium G640,32,65,2012
2017,Intel Pentium G640T,32,35,2012
2018,Intel Pentium G645,32,65,2012
2019,Intel Pentium G645T,32,35,2012
2020,Intel Pentium G6950,32,73,2010
2021,Intel Pentium G6951,32,73,2010
2022,Intel Pentium G6960,32,73,2011
2023,Intel Pentium G840,32,65,2011
2024,Intel Pentium G850,32,65,2011
2025,Intel Pentium G860,32,65,2011
2026,Intel Pentium G860T,32,35,2012
2027,Intel Pentium G870,32,65,2012
2028,Intel Pentium Gold G5400,14,51,2018
2029,Intel Pentium Gold G5500,14,51,2018
2030,Intel Pentium Gold G5600,14,51,2018
2031,Intel Pentium Gold G5620,14,51,2019
2032,Intel Pentium Gold G6400,14,58,2020
2033,Intel Pentium Gold G6405,14,65,2021
2034,Intel Pentium Gold G6405T,14,35,2021
2035,Intel Pentium Gold G6500,14,58,2020
2036,Intel Pentium Gold G6505,14,65,2021
2037,Intel Pentium Gold G6505T,14,35,2021
2038,Intel Pentium Gold G6600,14,58,2020
2039,Intel Pentium Gold G6605,14,65,2021
2040,Intel Pentium III 1000,180,29,2001
2041,Intel Pentium III 1000,130,30,2001
2042,Intel Pentium III 1000S,130,30,2001
2043,Intel Pentium III 1133,180,29,2000
2044,Intel Pentium III 1133,180,29,2001
2045,Intel Pentium III 1133,130,29,2001
2046,Intel Pentium III 1133S,130,29,2001
2047,Intel Pentium III 1200,130,30,2001
2048,Intel Pentium III 1266S,130,30,2001
2049,Intel Pentium III 1333,130,30,2001
2050,Intel Pentium III 1400,130,31,2001
2051,Intel Pentium III 1400S,130,32,2002
2052,Intel Pentium III 800,180,38,2001
2053,Intel Pentium III 866,180,38,2001
2054,Intel Pentium III 933,180,27,2001
2055,Intel Pentium M 1.30,130,24,2003
2056,Intel Pentium M 1.40,130,24,2003
2057,Intel Pentium M 1.50,130,24,2003
2058,Intel Pentium M 1.60,130,24,2003
2059,Intel Pentium M 1.70,130,24,2003
2060,Intel Pentium M 715,90,21,2004
2061,Intel Pentium M 725,90,21,2004
2062,Intel Pentium M 730,90,27,2005
2063,Intel Pentium M 735,90,21,2004
2064,Intel Pentium M 740,90,27,2005
2065,Intel Pentium M 745,90,21,2004
2066,Intel Pentium M 750,90,27,2005
2067,Intel Pentium M 755,90,21,2004
2068,Intel Pentium M 760,90,27,2005
2069,Intel Pentium M 765,90,21,2004
2070,Intel Pentium M 770,90,27,2005
2071,Intel Pentium M 780,90,27,2005
2072,Intel Pentium P6000,32,35,2010
2073,Intel Pentium P6100,32,35,2010
2074,Intel Pentium P6200,32,35,2010
2075,Intel Pentium P6300,32,35,2011
2076,Intel Pentium Silver J5005,14,10,2017
2077,Intel Pentium SU2700,45,10,2009
2078,Intel Pentium SU4100,45,10,2009
2079,Intel Pentium U5400,32,18,2010
2080,Intel Pentium U5600,32,18,2011
2081,Intel Xeon 2.0,130,89,2002
2082,Intel Xeon 2.4,130,89,2002
2083,Intel Xeon 2.66,130,89,2002
2084,Intel Xeon 2.8,130,89,2002
2085,Intel Xeon 2.8,90,135,2004
2086,Intel Xeon 2.8,90,135,2005
2087,Intel Xeon 3.0,90,135,2004
2088,Intel Xeon 3.0,90,135,2005
2089,Intel Xeon 3.06,130,97,2003
2090,Intel Xeon 3.06,130,97,2003
2091,Intel Xeon 3.06,130,89,2003
2092,Intel Xeon 3.2,90,135,2004
2093,Intel Xeon 3.2,90,135,2005
2094,Intel Xeon 3.20,130,97,2003
2095,Intel Xeon 3.20,130,97,2004
2096,Intel Xeon 3.4,90,135,2004
2097,Intel Xeon 3.4,90,135,2005
2098,Intel Xeon 3.6,90,135,2004
2099,Intel Xeon 3.6,90,135,2005
2100,Intel Xeon 5030,65,95,2006
2101,Intel Xeon 5040,65,95,2006
2102,Intel Xeon 5050,65,95,2006
2103,Intel Xeon 5060,65,130,2006
2104,Intel Xeon 5063,65,95,2006
2105,Intel Xeon 5080,65,130,2006
2106,Intel Xeon 5110,65,65,2006
2107,Intel Xeon 5120,65,65,2006
2108,Intel Xeon 5130,65,65,2006
2109,Intel Xeon 5140,65,65,2006
2110,Intel Xeon 5148,65,40,2006
2111,Intel Xeon 5150,65,65,2006
2112,Intel Xeon 5160,65,80,2006
2113,Intel Xeon 7110M,65,95,2006
2114,Intel Xeon 7110N,65,95,2006
2115,Intel Xeon 7120M,65,95,2006
2116,Intel Xeon 7120N,65,95,2006
2117,Intel Xeon 7130M,65,150,2006
2118,Intel Xeon 7130N,65,150,2006
2119,Intel Xeon 7140M,65,150,2006
2120,Intel Xeon 7140N,65,150,2006
2121,Intel Xeon Bronze 3106,14,85,2017
2122,Intel Xeon E-2124,14,72,2018
2123,Intel Xeon E-2124G,14,72,2018
2124,Intel Xeon E-2314,14,65,2021
2125,Intel Xeon E-2324G,14,65,2021
2126,Intel Xeon E-2334,14,65,2021
2127,Intel Xeon E-2336,14,65,2021
2128,Intel Xeon E-2356G,14,80,2021
2129,Intel Xeon E-2374G,14,80,2021
2130,Intel Xeon E-2378,14,65,2021
2131,Intel Xeon E-2378G,14,80,2021
2132,Intel Xeon E-2386G,14,95,2021
2133,Intel Xeon E-2388G,14,95,2021
2134,Intel Xeon E3-1105C,32,25,2012
2135,Intel Xeon E3-1125C,32,40,2012
2136,Intel Xeon E3-1220,32,80,2011
2137,Intel Xeon E3-1220 v2,22,69,2012
2138,Intel Xeon E3-1220 v3,22,80,2013
2139,Intel Xeon E3-1220L,32,20,2011
2140,Intel Xeon E3-1220L v2,22,17,2012
2141,Intel Xeon E3-1220L v3,22,16,2013
2142,Intel Xeon E3-1225,32,95,2011
2143,Intel Xeon E3-1225 v2,22,77,2012
2144,Intel Xeon E3-1225 v3,22,84,2013
2145,Intel Xeon E3-1230,32,80,2011
2146,Intel Xeon E3-1230 v2,22,69,2012
2147,Intel Xeon E3-1230 v3,22,80,2013
2148,Intel Xeon E3-1230L v3,22,25,2013
2149,Intel Xeon E3-1235,32,95,2011
2150,Intel Xeon E3-1240,32,80,2011
2151,Intel Xeon E3-1240 v2,22,69,2012
2152,Intel Xeon E3-1240 v3,22,80,2013
2153,Intel Xeon E3-1245,32,95,2011
2154,Intel Xeon E3-1245 v2,22,77,2012
2155,Intel Xeon E3-1245 v3,22,84,2013
2156,Intel Xeon E3-1260L,32,45,2011
2157,Intel Xeon E3-1265L v2,22,45,2012
2158,Intel Xeon E3-1265L v3,22,45,2013
2159,Intel Xeon E3-1270,32,80,2011
2160,Intel Xeon E3-1270 v2,22,69,2012
2161,Intel Xeon E3-1270 v3,22,80,2013
2162,Intel Xeon E3-1275,32,95,2011
2163,Intel Xeon E3-1275 v2,22,77,2012
2164,Intel Xeon E3-1275 v3,22,84,2013
2165,Intel Xeon E3-1280,32,95,2011
2166,Intel Xeon E3-1280 v2,22,69,2012
2167,Intel Xeon E3-1280 v3,22,82,2013
2168,Intel Xeon E3-1280 v5,14,80,2015
2169,Intel Xeon E3-1285 v3,22,84,2013
2170,Intel Xeon E3-1285 v4,14,95,2015
2171,Intel Xeon E3-1285 v6,14,79,2017
2172,Intel Xeon E3-1285L v3,22,65,2013
2173,Intel Xeon E3-1290,32,95,2011
2174,Intel Xeon E3-1290 v2,22,87,2012
2175,Intel Xeon E5-1410,32,80,2012
2176,Intel Xeon E5-1428L,32,60,2012
2177,Intel Xeon E5-1620,32,130,2012
2178,Intel Xeon E5-1620 v2,22,130,2013
2179,Intel Xeon E5-1650,32,130,2012
2180,Intel Xeon E5-1650 v2,22,130,2013
2181,Intel Xeon E5-1660,32,130,2012
2182,Intel Xeon E5-1660 v2,22,130,2013
2183,Intel Xeon E5-2403,32,80,2012
2184,Intel Xeon E5-2403 v2,22,80,2013
2185,Intel Xeon E5-2407,32,80,2012
2186,Intel Xeon E5-2407 v2,22,80,2013
2187,Intel Xeon E5-2418L,32,50,2012
2188,Intel Xeon E5-2420,32,95,2012
2189,Intel Xeon E5-2420 v2,22,80,2013
2190,Intel Xeon E5-2428L,32,60,2012
2191,Intel Xeon E5-2430,32,95,2012
2192,Intel Xeon E5-2430 v2,22,80,2013
2193,Intel Xeon E5-2430L,32,60,2012
2194,Intel Xeon E5-2440,32,95,2012
2195,Intel Xeon E5-2440 v2,22,95,2013
2196,Intel Xeon E5-2448L,32,70,2012
2197,Intel Xeon E5-2450,32,95,2012
2198,Intel Xeon E5-2450 v2,22,95,2013
2199,Intel Xeon E5-2450L,32,70,2012
2200,Intel Xeon E5-2470,32,95,2012
2201,Intel Xeon E5-2470 v2,22,95,2013
2202,Intel Xeon E5-2603,32,80,2012
2203,Intel Xeon E5-2603 v2,22,80,2013
2204,Intel Xeon E5-2609,32,80,2012
2205,Intel Xeon E5-2609 v2,22,80,2013
2206,Intel Xeon E5-2620,32,95,2012
2207,Intel Xeon E5-2620 v2,22,80,2013
2208,Intel Xeon E5-2630,32,95,2012
2209,Intel Xeon E5-2630 v2,22,80,2013
2210,Intel Xeon E5-2630L,32,60,2012
2211,Intel Xeon E5-2630L v2,22,60,2013
2212,Intel Xeon E5-2637,32,80,2012
2213,Intel Xeon E5-2637 v2,22,130,2013
2214,Intel Xeon E5-2640,32,95,2012
2215,Intel Xeon E5-2640 v2,22,95,2013
2216,Intel Xeon E5-2643,32,130,2012
2217,Intel Xeon E5-2643 v2,22,130,2013
2218,Intel Xeon E5-2648L,32,70,2012
2219,Intel Xeon E5-2650,32,95,2012
2220,Intel Xeon E5-2650 v2,22,95,2013
2221,Intel Xeon E5-2650L,32,70,2012
2222,Intel Xeon E5-2650L v2,22,70,2013
2223,Intel Xeon E5-2658,32,95,2012
2224,Intel Xeon E5-2660,32,95,2012
2225,Intel Xeon E5-2660 v2,22,95,2013
2226,Intel Xeon E5-2665,32,115,2012
2227,Intel Xeon E5-2667,32,130,2012
2228,Intel Xeon E5-2667 v2,22,130,2013
2229,Intel Xeon E5-2670,32,115,2012
2230,Intel Xeon E5-2670 v2,22,115,2013
2231,Intel Xeon E5-2680,32,130,2012
2232,Intel Xeon E5-2680 v2,22,115,2013
2233,Intel Xeon E5-2687W,32,150,2012
2234,Intel Xeon E5-2687W v2,22,130,2013
2235,Intel Xeon E5-2690,32,135,2012
2236,Intel Xeon E5-2690 v2,22,130,2013
2237,Intel Xeon E5-2692 v2,22,100,2013
2238,Intel Xeon E5-2695 v2,22,115,2013
2239,Intel Xeon E5-2697 v2,22,130,2013
2240,Intel Xeon E5-4603,32,95,2012
2241,Intel Xeon E5-4607,32,95,2012
2242,Intel Xeon E5-4610,32,130,2012
2243,Intel Xeon E5-4617,32,130,2012
2244,Intel Xeon E5-4620,32,130,2012
2245,Intel Xeon E5-4640,32,95,2012
2246,Intel Xeon E5-4650,32,130,2012
2247,Intel Xeon E5-4650L,32,115,2012
2248,Intel Xeon E5502,45,80,2009
2249,Intel Xeon E5503,45,80,2010
2250,Intel Xeon E5504,45,80,2009
2251,Intel Xeon E5506,45,80,2009
2252,Intel Xeon E5507,45,80,2010
2253,Intel Xeon E5520,45,80,2009
2254,Intel Xeon E5530,45,80,2009
2255,Intel Xeon E5540,45,80,2009
2256,Intel Xeon E5603,32,80,2011
2257,Intel Xeon E5606,32,80,2011
2258,Intel Xeon E5607,32,80,2011
2259,Intel Xeon E5620,32,80,2010
2260,Intel Xeon E5630,32,80,2010
2261,Intel Xeon E5640,32,80,2010
2262,Intel Xeon E5645,32,80,2010
2263,Intel Xeon E5649,32,80,2011
2264,Intel Xeon E7-4809 v3,22,115,2015
2265,Intel Xeon E7-4820 v3,22,115,2015
2266,Intel Xeon E7-4830 v3,22,115,2015
2267,Intel Xeon E7-4850 v3,22,115,2015
2268,Intel Xeon E7-8850,32,130,2011
2269,Intel Xeon E7-8860,32,130,2011
2270,Intel Xeon E7-8860 v3,22,140,2015
2271,Intel Xeon E7-8867 v3,22,165,2015
2272,Intel Xeon E7-8870,32,130,2011
2273,Intel Xeon E7-8870 v3,22,140,2015
2274,Intel Xeon E7-8880 v3,22,150,2015
2275,Intel Xeon E7-8880L v3,22,115,2015
2276,Intel Xeon E7-8890 v3,22,165,2015
2277,Intel Xeon E7-8891 v3,22,165,2015
2278,Intel Xeon E7-8893 v3,22,140,2015
2279,Intel Xeon Gold 5315Y,10,140,2021
2280,Intel Xeon Gold 5317,10,150,2021
2281,Intel Xeon Gold 5318H,14,150,2021
2282,Intel Xeon Gold 5318N,10,150,2021
2283,Intel Xeon Gold 5318S,10,165,2021
2284,Intel Xeon Gold 5318Y,10,165,2021
2285,Intel Xeon Gold 5320,10,185,2021
2286,Intel Xeon Gold 5320H,14,150,2021
2287,Intel Xeon Gold 5320T,10,150,2021
2288,Intel Xeon Gold 6154,14,200,2017
2289,Intel Xeon Gold 6312U,10,185,2021
2290,Intel Xeon Gold 6314U,10,205,2021
2291,Intel Xeon Gold 6326,10,185,2021
2292,Intel Xeon Gold 6328H,14,165,2021
2293,Intel Xeon Gold 6328HL,14,165,2021
2294,Intel Xeon Gold 6330,10,205,2021
2295,Intel Xeon Gold 6330H,14,150,2021
2296,Intel Xeon Gold 6334,10,165,2021
2297,Intel Xeon Gold 6336Y,10,185,2021
2298,Intel Xeon Gold 6338N,10,185,2021
2299,Intel Xeon Gold 6338T,10,165,2021
2300,Intel Xeon Gold 6342,10,230,2021
2301,Intel Xeon Gold 6346,10,205,2021
2302,Intel Xeon Gold 6348,10,235,2021
2303,Intel Xeon Gold 6348H,14,165,2021
2304,Intel Xeon Gold 6354,10,205,2021
2305,Intel Xeon L5506,45,60,2009
2306,Intel Xeon L5508,45,38,2009
2307,Intel Xeon L5518,45,60,2009
2308,Intel Xeon L5520,45,60,2009
2309,Intel Xeon L5530,45,60,2009
2310,Intel Xeon L5609,32,40,2010
2311,Intel Xeon L5618,32,40,2010
2312,Intel Xeon L5630,32,40,2010
2313,Intel Xeon L5638,32,60,2010
2314,Intel Xeon L5640,32,60,2010
2315,Intel Xeon MP 2.83,90,135,2005
2316,Intel Xeon MP 2.83,90,135,2005
2317,Intel Xeon MP 3.00,90,135,2005
2318,Intel Xeon MP 3.00,90,135,2005
2319,Intel Xeon MP 3.16,90,135,2005
2320,Intel Xeon MP 3.16,90,135,2005
2321,Intel Xeon MP 3.16,90,135,2005
2322,Intel Xeon MP 3.33,90,135,2005
2323,Intel Xeon MP 3.33,90,135,2005
2324,Intel Xeon MP 3.33,90,135,2005
2325,Intel Xeon MP 3.50,90,135,2005
2326,Intel Xeon MP 3.66,90,135,2005
2327,Intel Xeon MP 7020 Dual-Core,90,135,2005
2328,Intel Xeon MP 7030 Dual-Core,90,135,2005
2329,Intel Xeon MP 7030 Dual-Core,90,135,2005
2330,Intel Xeon MP 7040 Dual-Core,90,135,2005
2331,Intel Xeon MP 7041 Dual-Core,90,135,2005
2332,Intel Xeon Phi 3110X,22,300,2012
2333,Intel Xeon Phi 3120A,22,300,2013
2334,Intel Xeon Phi 3120P,22,300,2013
2335,Intel Xeon Phi 31S1P,22,270,2013
2336,Intel Xeon Phi 5110P,22,225,2012
2337,Intel Xeon Phi 5120D,22,245,2013
2338,Intel Xeon Phi 7110P,22,300,2012
2339,Intel Xeon Phi 7110X,22,300,2012
2340,Intel Xeon Phi 7120A,22,300,2014
2341,Intel Xeon Phi 7120D,22,270,2014
2342,Intel Xeon Phi 7120P,22,300,2013
2343,Intel Xeon Phi 7120X,22,300,2013
2344,Intel Xeon Phi 7210,14,215,2016
2345,Intel Xeon Phi 7210F,14,230,2016
2346,Intel Xeon Phi 7230,14,215,2016
2347,Intel Xeon Phi 7230F,14,230,2016
2348,Intel Xeon Phi 7235,14,250,2017
2349,Intel Xeon Phi 7250,14,215,2016
2350,Intel Xeon Phi 7250F,14,230,2016
2351,Intel Xeon Phi 7285,14,250,2017
2352,Intel Xeon Phi 7290,14,245,2016
2353,Intel Xeon Phi 7290F,14,260,2016
2354,Intel Xeon Phi 7295,14,320,2017
2355,Intel Xeon Phi SE10P,22,300,2012
2356,Intel Xeon Phi SE10X,22,300,2012
2357,Intel Xeon Platinum 8180,14,205,2017
2358,Intel Xeon Platinum 8180M,14,205,2017
2359,Intel Xeon Platinum 8253,14,125,2018
2360,Intel Xeon Platinum 8256,14,105,2018
2361,Intel Xeon Platinum 8260,14,165,2018
2362,Intel Xeon Platinum 8260M,14,165,2018
2363,Intel Xeon Platinum 8268,14,205,2018
2364,Intel Xeon Platinum 8270,14,205,2018
2365,Intel Xeon Platinum 8276,14,165,2018
2366,Intel Xeon Platinum 8280,14,205,2018
2367,Intel Xeon Platinum 8280M,14,205,2018
2368,Intel Xeon Platinum 8351N,10,225,2021
2369,Intel Xeon Platinum 8352M,10,185,2021
2370,Intel Xeon Platinum 8352S,10,205,2021
2371,Intel Xeon Platinum 8352V,10,195,2021
2372,Intel Xeon Platinum 8353H,14,150,2021
2373,Intel Xeon Platinum 8354H,14,205,2021
2374,Intel Xeon Platinum 8356H,14,190,2021
2375,Intel Xeon Platinum 8358,10,250,2021
2376,Intel Xeon Platinum 8358P,10,240,2021
2377,Intel Xeon Platinum 8360H,14,225,2021
2378,Intel Xeon Platinum 8360HL,14,225,2021
2379,Intel Xeon Platinum 8360Y,10,250,2021
2380,Intel Xeon Platinum 8362,10,265,2021
2381,Intel Xeon Platinum 8368,10,270,2021
2382,Intel Xeon Platinum 8368Q,10,270,2021
2383,Intel Xeon Platinum 8376H,14,205,2021
2384,Intel Xeon Platinum 8376HL,14,205,2021
2385,Intel Xeon Platinum 8380,10,270,2021
2386,Intel Xeon Platinum 8380H,14,250,2021
2387,Intel Xeon Platinum 8380HL,14,250,2021
2388,Intel Xeon Platinum 9221,14,250,2019
2389,Intel Xeon Platinum 9222,14,250,2019
2390,Intel Xeon Platinum 9242,14,350,2019
2391,Intel Xeon Platinum 9282,14,400,2019
2392,Intel Xeon Silver 4116,14,85,2017
2393,Intel Xeon Silver 4309Y,10,105,2021
2394,Intel Xeon Silver 4310,10,120,2021
2395,Intel Xeon Silver 4310T,10,105,2021
2396,Intel Xeon Silver 4314,10,135,2021
2397,Intel Xeon Silver 4316,10,150,2021
2398,Intel Xeon W-11855M,10,35,2021
2399,Intel Xeon W-11955M,10,35,2021
2400,Intel Xeon W-2195,14,140,2017
2401,Intel Xeon W-3175X,14,255,2018
2402,Intel Xeon W-3323,10,220,2021
2403,Intel Xeon W-3335,10,250,2021
2404,Intel Xeon W-3345,10,250,2021
2405,Intel Xeon W-3365,10,270,2021
2406,Intel Xeon W-3375,10,270,2021
2407,Intel Xeon W3503,45,130,2009
2408,Intel Xeon W3505,45,130,2009
2409,Intel Xeon W3520,45,130,2009
2410,Intel Xeon W3530,45,130,2010
2411,Intel Xeon W3540,45,130,2009
2412,Intel Xeon W3550,45,130,2009
2413,Intel Xeon W3565,45,130,2009
2414,Intel Xeon W3570,45,130,2009
2415,Intel Xeon W3580,45,130,2009
2416,Intel Xeon W3670,32,130,2010
2417,Intel Xeon W3680,32,130,2010
2418,Intel Xeon W3690,32,130,2011
2419,Intel Xeon W5580,45,130,2009
2420,Intel Xeon W5590,45,130,2009
2421,Intel Xeon X5550,45,95,2009
2422,Intel Xeon X5560,45,95,2009
2423,Intel Xeon X5570,45,95,2009
2424,Intel Xeon X5647,32,130,2011
2425,Intel Xeon X5650,32,95,2010
2426,Intel Xeon X5660,32,95,2010
2427,Intel Xeon X5667,32,95,2010
2428,Intel Xeon X5670,32,95,2010
2429,Intel Xeon X5672,32,95,2011
2430,Intel Xeon X5675,32,95,2011
2431,Intel Xeon X5677,32,130,2010
2432,Intel Xeon X5680,32,130,2010
2433,Intel Xeon X5687,32,130,2011
2434,Intel Xeon X5690,32,130,2011
2435,Intel Xeon X5698,32,130,2011
2436,AMD A10-7850KAPU,28,65,2014
2437,AMD A10-8700P,28,25,2015
2438,AMD A12-9720P,28,15,2016
2439,AMD A6-6310,28,15,2014
2440,AMD A6-7400K,28,65,2014
2441,AMD A8-7600,28,65,2014
2442,AMD A8-7670K,28,95,2015
2443,AMD Athlon 5150,28,25,2014
2444,AMD Athlon 5350,28,25,2014
2445,AMD Athlon 7750,65,95,2008
2446,AMD Athlon II170u,45,20,2010
2447,AMD Athlon IIX24400e,45,37,2009
2448,AMD Athlon X4750KQuadCore,32,100,2012
2449,AMD Athlon X4845QuadCore,28,65,2016
2450,AMD Athlon X4860KQuadCore,28,95,2014
2451,AMD EPYC 753232-Core,7,200,2020
2452,AMD EPYC 766264-Core,7,225,2020
2453,AMD FirePro v4800,40,69,2014
2454,AMD FirePro v7900,40,150,2011
2455,AMD G-T56N,40,18,2011
2456,AMD GX-424CCSOC,28,25,2014
2457,AMD Opteron 170,90,110,2005
2458,AMD Opteron 2356,65,75,2008
2459,AMD Opteron 2374HE,45,79,2009
2460,AMD Opteron 23xx,28,77,2016
2461,AMD Opteron 62xxclass,28,115,2016
2462,AMD Opteron X3216APU,28,15,2017
2463,AMD Phenom 8650Triple-Core,65,95,2008
2464,AMD Phenom 9500,65,95,2007
2465,AMD Phenom 9550,65,95,2008
2466,AMD Phenom 9650,65,95,2008
2467,AMD Phenom 9950,65,125,2008
2468,AMD Phenom IIN620,45,35,2010
2469,AMD Phenom IIX4973,14,65,2010
2470,AMD Phenom IIX4B55,45,125,2010
2471,AMD Ryzen 75700U,7,25,2021
2472,AMD Ryzen 75800U,7,25,2021
2473,AMD Ryzen 7PRO4750U,7,15,2020
2474,AMD Sempron3850APUwithRadeonR3,28,25,2014
2475,Intel AtomE3950,14,12,2016
2476,Intel Atomx5-Z8350,14,2,2016
2477,Intel AtomZ3735F,22,2,2014
2478,Intel CeleronJ1900,22,10,2013
2479,Intel CeleronJ3455,14,10,2016
2480,Intel CeleronJ4105,14,10,2017
2481,Intel CeleronJ4115,14,10,2017
2482,Intel CeleronM900MHz,180,27,2009
2483,Intel CeleronN3050,14,6,2015
2484,Intel CeleronN3060,14,4,2016
2485,Intel CeleronN3150,14,6,2015
2486,Intel CeleronN3160,14,6,2015
2487,Intel CeleronN4000,14,6,2017
2488,Intel CeleronN4020,14,6,2019
2489,Intel Core2DuoP8400,45,25,2008
2490,Intel Core2DuoP8600,45,25,2008
2491,Intel Core2DuoP8700,45,25,2008
2492,Intel Core2DuoP9xxx,14,30,2016
2493,Intel Core2DuoT5250,65,35,2008
2494,Intel Core2DuoT6600,45,35,2009
2495,Intel Core2DuoT9500,45,35,2008
2496,Intel Core2DuoT9600,45,35,2008
2497,Intel Core2QuadQ9500,45,95,2013
2498,Intel Core2T5600,65,34,2006
2499,Intel Core2T7200,65,34,2006
2500,Intel Core870,45,95,2009
2501,Intel Corei3-2365M,32,17,2012
2502,Intel Corei3-4030U,22,15,2014
2503,Intel Corei3-4150,22,54,2014
2504,Intel Corei3-4330TE,22,35,2013
2505,Intel Corei3-6100U,14,15,2015
2506,Intel Corei3-7020U,14,15,2018
2507,Intel Corei3330M,32,35,2010
2508,Intel Corei3380U,32,18,2010
2509,Intel Corei5-4200M,22,37,2013
2510,Intel Corei5-4278U,22,28,2014
2511,Intel Corei5-4300U,22,15,2013
2512,Intel Corei5-4460,22,84,2014
2513,Intel Corei5-4590T,22,35,2014
2514,Intel Corei5-6200U,14,15,2015
2515,Intel Corei5-6260U,14,15,2015
2516,Intel Corei5-6300HQ,14,40,2015
2517,Intel Corei5-6500T,14,35,2015
2518,Intel Corei5-7200U,14,15,2016
2519,Intel Corei5-7260U,14,15,2017
2520,Intel Corei5-7300U,14,15,2017
2521,Intel Corei5-8365UE,14,15,2019
2522,Intel Corei5520M,32,35,2010
2523,Intel Corei7,14,15,2016
2524,Intel Corei7-11370H,10,28,2021
2525,Intel Corei7-2620M,32,35,2011
2526,Intel Corei7-2677M,32,17,2011
2527,Intel Corei7-6700HQ,14,45,2015
2528,Intel Corei7-6770HQ,14,45,2016
2529,Intel Corei7-6820HK,14,45,2015
2530,Intel Corei7-6820HQ,14,45,2015
2531,Intel Corei7-7500U,14,15,2016
2532,Intel Corei7-7567U,14,28,2017
2533,Intel Corei7-7600U,14,15,2017
2534,Intel Corei7-7700HQ,14,45,2017
2535,Intel Corei7-7740K,14,112,2017
2536,Intel Corei7-7820HQ,14,15,2017
2537,Intel Corei7-7900X,14,140,2017
2538,Intel Corei7720Q,45,45,2009
2539,Intel Corei7740Q,45,45,2010
2540,Intel Corem3-6Y30,14,5,2015
2541,Intel Corem3-7Y30,14,5,2016
2542,Intel Pentium1403 v2,22,80,2014
2543,Intel Pentium43.20GHz,130,82,2014
2544,Intel PentiumD1517,14,25,2015
2545,Intel PentiumD1519,14,25,2016
2546,Intel PentiumD2.80GHz,90,95,2005
2547,Intel PentiumD3.20GHz,65,95,2007
2548,Intel PentiumDualT2370,65,35,2008
2549,Intel PentiumDualT3200,65,35,2009
2550,Intel PentiumG2030,22,55,2013
2551,Intel PentiumG3240,22,53,2017
2552,Intel PentiumG3260,22,53,2015
2553,Intel PentiumN3540,22,8,2014
2554,Intel PentiumN3700,14,6,2015
2555,Intel PentiumN3710,14,6,2015
2556,Intel PentiumN4200,14,6,2016
2557,Intel PentiumSilverJ5040,14,10,2019
2558,Intel PentiumT4500,45,35,2010
2559,Intel U7300,20,10,2009
2560,Intel Xeon D-1521,14,45,2015
2561,Intel Xeon D-1527,14,35,2015
2562,Intel Xeon D-2146NT,14,80,2018
2563,Intel Xeon D-2191,14,86,2018
2564,Intel Xeon E3-1220 v5,14,80,2015
2565,Intel Xeon E3-1225 v5,14,80,2015
2566,Intel Xeon E3-1225 v6,14,73,2017
2567,Intel Xeon E3-1230 v5,14,80,2015
2568,Intel Xeon E3-1231 v3,22,80,2014
2569,Intel Xeon E3-1235L v5,14,25,2015
2570,Intel Xeon E3-1245 v5,14,80,2015
2571,Intel Xeon E3-1246 v3,22,84,2014
2572,Intel Xeon E3-1260L v5,14,45,2015
2573,Intel Xeon E3-1270 v5,14,80,2015
2574,Intel Xeon E3-1271 v3,22,80,2014
2575,Intel Xeon E3-1275L v3,22,45,2014
2576,Intel Xeon E3-1275 v5,14,80,2015
2577,Intel Xeon E3-1275 v6,14,73,2017
2578,Intel Xeon E3-1276 v3,22,84,2014
2579,Intel Xeon E3-1505M v5,14,45,2015
2580,Intel Xeon E31220,32,80,2011
2581,Intel Xeon E31230,32,80,2011
2582,Intel Xeon E31245,32,95,2011
2583,Intel Xeon E312xx,32,80,2018
2584,Intel Xeon E5-1603 v3,22,140,2014
2585,Intel Xeon E5-16200,32,130,2012
2586,Intel Xeon E5-1620 v3,22,140,2014
2587,Intel Xeon E5-1650 v3,22,140,2014
2588,Intel Xeon E5-1650 v4,14,140,2016
2589,Intel Xeon E5-1680 v3,22,140,2014
2590,Intel Xeon E5-2450L0,32,70,2012
2591,Intel Xeon E5-26090,32,80,2012
2592,Intel Xeon E5-2609 v4,14,85,2016
2593,Intel Xeon E5-2620 v3,22,85,2014
2594,Intel Xeon E5-2630L0,32,60,2012
2595,Intel Xeon E5-2640 v4,14,90,2016
2596,Intel Xeon E5-2650 v3,22,105,2014
2597,Intel Xeon E5-2667 v3,22,135,2014
2598,Intel Xeon E5-2667 v4,14,135,2016
2599,Intel Xeon E5-2680 v3,22,120,2014
2600,Intel Xeon E5-2680 v4,14,120,2016
2601,Intel Xeon E5-2687W v3,22,160,2014
2602,Intel Xeon E5-2690 v4,14,135,2016
2603,Intel Xeon E5310,65,80,2006
2604,Intel Xeon E5410,45,80,2007
2605,Intel Xeon E5420,45,80,2007
2606,Intel Xeon E5450,45,80,2007
2607,Intel Xeon Gold 5215,14,85,2019
2608,Intel Xeon Gold 6136,14,150,2017
2609,Intel Xeon Gold 6138,14,125,2017
2610,Intel Xeon Gold 6210U,14,150,2019
2611,Intel Xeon Gold 6212U,14,165,2019
2612,Intel Xeon Gold 6238,14,140,2019
2613,Intel Xeon Gold 6238R,14,165,2020
2614,Intel Xeon Gold 6248,14,150,2019
2615,Intel Xeon Gold 6250,14,185,2020
2616,Intel Xeon Platinum8124M,14,240,2017
2617,Intel Xeon Platinum8163,14,165,2017
2618,Intel Xeon Platinum8259CL,14,210,2020
2619,Intel Xeon Platinum8380,10,270,2021
2620,Intel Xeon Silver4108,14,85,2017
2621,Intel Xeon Silver4210,14,85,2019
2622,Intel Xeon W-2133,14,140,2017
2623,Intel Xeon W-2155,14,140,2017
2624,Intel Xeon W-2295,14,165,2019
2625,Intel Xeon X3430,45,95,2009
2626,Intel Xeon X3440,45,95,2009
2627,Intel Xeon X3450,45,95,2009
2628,Intel Xeon X3460,45,95,2009
2629,Intel Xeon X3470,45,95,2009
2630,Intel AtomC2550,22,14,2013
2631,Intel AtomC2750,22,20,2013
2632,Intel AtomC3338,14,9,2017
2633,Intel AtomC3558,14,16,2017
2634,Intel AtomC3950,14,24,2017